"species","time","alive","n_abundance","n_occupied","n_juveniles"
"Lynxlynx",1,FALSE,0,0,0
"Lynxlynx",2,FALSE,0,0,0
"Lynxlynx",3,FALSE,0,0,0
"Lynxlynx",4,FALSE,0,0,0
"Lynxlynx",5,FALSE,0,0,0
"Lynxlynx",6,FALSE,0,0,0
"Lynxlynx",7,FALSE,0,0,0
"Lynxlynx",8,FALSE,0,0,0
"Lynxlynx",9,FALSE,0,0,0
"Lynxlynx",10,FALSE,0,0,0
"Lynxlynx",11,FALSE,0,0,0
"Lynxlynx",12,FALSE,0,0,0
"Lynxlynx",13,FALSE,0,0,0
"Lynxlynx",14,FALSE,0,0,0
"Lynxlynx",15,FALSE,0,0,0
"Lynxlynx",16,FALSE,0,0,0
"Lynxlynx",17,FALSE,0,0,0
"Lynxlynx",18,FALSE,0,0,0
"Lynxlynx",19,FALSE,0,0,0
"Lynxlynx",20,FALSE,0,0,0
"Lynxlynx",21,FALSE,0,0,0
"Lynxlynx",22,FALSE,0,0,0
"Lynxlynx",23,FALSE,0,0,0
"Lynxlynx",24,FALSE,0,0,0
"Lynxlynx",25,FALSE,0,0,0
"Alcesalces",1,FALSE,12,0,11
"Alcesalces",2,FALSE,12,0,12
"Alcesalces",3,FALSE,12,0,12
"Alcesalces",4,FALSE,12,0,12
"Alcesalces",5,FALSE,12,0,12
"Alcesalces",6,FALSE,12,0,12
"Alcesalces",7,FALSE,9,0,11
"Alcesalces",8,FALSE,9,0,9
"Alcesalces",9,FALSE,9,0,9
"Alcesalces",10,FALSE,9,0,9
"Alcesalces",11,FALSE,9,0,9
"Alcesalces",12,FALSE,4,0,9
"Alcesalces",13,FALSE,0,0,4
"Alcesalces",14,FALSE,0,0,0
"Alcesalces",15,FALSE,0,0,0
"Alcesalces",16,FALSE,0,0,0
"Alcesalces",17,FALSE,0,0,0
"Alcesalces",18,FALSE,0,0,0
"Alcesalces",19,FALSE,0,0,0
"Alcesalces",20,FALSE,0,0,0
"Alcesalces",21,FALSE,0,0,0
"Alcesalces",22,FALSE,0,0,0
"Alcesalces",23,FALSE,0,0,0
"Alcesalces",24,FALSE,0,0,0
"Alcesalces",25,FALSE,0,0,0
