"Species","Family","Order","Trophic","trophic_level","BodyMass","IndsHaCell","TargetHaDensity","MaxAge","Harem","Stage0bodyMass","Stage0Mortality","Stage1Fecundity","Stage1Mortality","RepSeasons","MeanDisp","LongDisp","MaxHomeRange"
"Lasiorhinus latifrons","VOMBATIDAE","DIPROTODONTIA","Herbivore","Herbivore",25.5,32.596,77.338,29.9,"Polygynandrous (promiscuous)",3816.5,0.127228288006915,1,0.445005065808621,1.1,8.33488668143174,27.1693414033122,1.1934
"Odocoileus virginianus","CERVIDAE","ARTIODACTYLA","Herbivore","Herbivore",55.5086,7.666,13.193,23,"Polygynous",33631.33,0.0738437918399713,1.71,0.366361586899684,1,12.6859369966653,45.0466160495597,121.730121730122
"Rangifer tarandus","CERVIDAE","ARTIODACTYLA","Herbivore","Herbivore",86.034,0.492,0.917,21.7,"Polygynous",24900,0.0796067993656621,1.1,0.32834656042204,1,16.0727379640877,59.891276367554,357389
"Canis lupus","CANIDAE","CARNIVORA","Carnivore","Carnivore",32.1833,0.022,0.036,29.5,"Monogamous
Cooperative breeder",5250,0.117478981893984,4.98,0.419848258984027,0.82,75.7897205173406,677.290795996393,119655
"Theropithecus gelada","CERCOPITHECIDAE","PRIMATES","Herbivore","Herbivore",17.0498,35.256,77.707,36,"Polygynous",3900,0.126541753506535,1,0.492119050911229,0.5,6.70650755647545,20.9144058601565,NA
"Vombatus ursinus","VOMBATIDAE","DIPROTODONTIA","Herbivore","Herbivore",26,3.687,22.133,30.025,"Polygynous",5700,0.115088329428533,1,0.442850014269147,0.77,8.42274417741969,27.5144394863965,1.04287
"Thylogale billardierii","MACROPODIDAE","DIPROTODONTIA","Herbivore","Herbivore",5.45,10.468,62.845,10,"Polygynandrous (promiscuous)",1378.225,0.164123197387101,1,0.654486773646435,1,3.62261443623607,9.96519313715454,NA
"Hylobates muelleri","HYLOBATIDAE","PRIMATES","Herbivore","Omnivore",6,10.997,21.114,57.5583342465753,"Monogamous",1070,0.174845337443659,1,0.638943104246272,0.5,3.81566007147341,10.6078240247504,NA
"Antilocapra americana","ANTILOCAPRIDAE","ARTIODACTYLA","Herbivore","Herbivore",46.0829,3.115,9.65,15.5,"Polygynous",8900,0.102956198453826,1.89,0.383808907448807,1,11.4730660820368,39.9143319392173,13792.616
"Macropus giganteus","MACROPODIDAE","DIPROTODONTIA","Herbivore","Herbivore",25.875,75.948,181.266,25,"Polygynous",6062.015,0.113330224305892,1,0.44338389108446,1,8.40085320141857,27.4283843649012,1.62
"Gazella dorcas","BOVIDAE","ARTIODACTYLA","Herbivore","Herbivore",23.0001,0.869,1.818,23.7,"Polygynous",5505,0.116094239027471,1.22,0.456633289157009,1,7.88319107659825,25.4069372248725,NA
"Equus zebra","EQUIDAE","PERISSODACTYLA","Herbivore","Herbivore",240,0.803,4.818,33.2,"Polygynous",117097.78,0.0540583560777579,1,0.254066374077307,0.6,27.9693306250273,116.671639543004,9.4
"Sarcophilus harrisii","DASYURIDAE","DASYUROMORPHIA","Carnivore","Carnivore",11,0.644,1.207,13.0583342465753,"Polygynandrous (promiscuous)",850,0.185201827821709,2.94,0.549100486776112,1,29.151344167728,283.871952047509,49.62
"Colobus vellerosus","CERCOPITHECIDAE","PRIMATES","Herbivore","Herbivore",11.5052,13.231,79.436,33.9,"Polygynous",1240,0.168517333566471,1,0.542970777763078,0.6,5.42314049221656,16.1960536221722,0.198
"Panthera leo","FELIDAE","CARNIVORA","Carnivore","Carnivore",161.4991,0.075,0.126,30,"Polygynous
Cooperative breeder",8480,0.104207994266643,2.825,0.280515894014063,1,318.486105178354,2501.5673241072,4897
"Macaca fuscata","CERCOPITHECIDAE","PRIMATES","Herbivore","Omnivore",10.4,13.462,80.821,38.5,"Polygynandrous (promiscuous)",1767.5,0.154226905375858,1.415,0.556854412277591,0.5,5.13530219527951,15.1669992161008,39.7
"Nasalis larvatus","CERCOPITHECIDAE","PRIMATES","Herbivore","Herbivore",9,14.597,27.785,25.1,"Polygynous",2000,0.149534878122122,1.01,0.577350269189626,0.7,4.74962101332043,13.806564461237,3.15
"Ovibos moschatus","BOVIDAE","ARTIODACTYLA","Herbivore","Herbivore",340.5011,0.838,1.512,27.4,"Polygynous",62467.44,0.0632537929872652,1.01,0.232793242866902,0.8,33.784072673171,146.45527926591,NA
"Thylogale thetis","MACROPODIDAE","DIPROTODONTIA","Herbivore","Herbivore",5.4,5.866,35.216,9,"Polygynous",800,0.18803015465432,1,0.655996557088477,1.56,3.60462949938793,9.90567186961633,0.2636
"Petrogale penicillata","MACROPODIDAE","DIPROTODONTIA","Herbivore","Herbivore",7.1,7.767,46.631,14.4,"Polygynous",734.995,0.192056453002443,1,0.612611877554134,1.48,4.17876078564279,11.8343911765564,0.0328
"Onychogalea fraenata","MACROPODIDAE","DIPROTODONTIA","Herbivore","Herbivore",5.5,5.777,34.686,7.4,"Polygynous",1566.44,0.158954035743635,1,0.65299420572561,1.89,3.64052363197692,10.0245235847376,0.59
"Diceros bicornis","RHINOCEROTIDAE","PERISSODACTYLA","Herbivore","Herbivore",1180.5109,0.212,0.363,49.2416657534247,"Polygynous",426865.48,0.039122557825639,1,0.170601364201514,0.4,66.1128384019314,328.60449107061,234.6
"Felis chaus","FELIDAE","CARNIVORA","Carnivore","Carnivore",7.393,0.201,0.536,20,"Polygynandrous (promiscuous)",2212.5,0.145807270525545,3,0.606449752922318,2,20.4677226594994,205.749686070406,6.5
"Acinonyx jubatus","FELIDAE","CARNIVORA","Carnivore","Carnivore",46.7,0.019,0.046,20.5,"Polygynous
Polygynandrous (promiscuous)",1940,0.150677903022723,3.04,0.382534650158525,0.7,105.562852899814,915.674420938439,7063.3
"Alces alces","CERVIDAE","ARTIODACTYLA","Herbivore","Herbivore",356.998,0.586,3.521,27,"Polygynous",92125,0.0573991716254622,1.28,0.230055994605953,1.117,34.6583214252195,151.029141170453,942
"Hylobates agilis","HYLOBATIDAE","PRIMATES","Herbivore","Omnivore",5.65,11.04,29.294,57,"Monogamous",1070,0.174845337443659,1,0.648616344160145,0.475,3.69380669449522,10.2013931443382,0.2475
"Aepyceros melampus","BOVIDAE","ARTIODACTYLA","Herbivore","Herbivore",52.5001,1.876,2.649,25.6,"Polygynous",15900,0.0890534438254998,1,0.371500983077568,1,12.3098985215701,43.4442274431279,58.13
"Syncerus caffer","BOVIDAE","ARTIODACTYLA","Herbivore","Herbivore",580.0027,1.177,1.623,29.8,"Polygynandrous (promiscuous)",166000,0.049541936461639,1.08,0.203771056039494,0.4,45.042263870892,207.04154684981,620
"Capra walie","BOVIDAE","ARTIODACTYLA","Herbivore","Herbivore",100,1.147,6.884,22.3,"Polygynous",15691.695,0.0893475268043805,1.1,0.316227766016838,0.8,17.4328343019525,66.0431826254699,NA
"Ovis canadensis","BOVIDAE","ARTIODACTYLA","Herbivore","Herbivore",74.6449,1.654,9.931,24,"Polygynous",28000,0.0773055175693945,1.03,0.340212263857068,1,14.8863449427319,54.6107429776285,131.93
"Loxodonta africana","ELEPHANTIDAE","PROBOSCIDEA","Herbivore","Herbivore",4400,0.375,0.503,80,"Polygynous",6e+05,0.0359304111963084,1,0.122782601490961,0.21,134.534121616297,772.80911092505,32062
"Pan paniscus","HOMINIDAE","PRIMATES","Herbivore","Herbivore",34.0001,3.815,9.031,55,"Polygynandrous (promiscuous)",8325,0.104689696183645,1,0.414123572064261,0.22,9.73570278658602,32.7559440116396,51.7
"Capra sibirica","BOVIDAE","ARTIODACTYLA","Herbivore","Herbivore",130,3.421,5.113,22.3,"Polygynous",15691.695,0.0893475268043805,1.18,0.296151653601162,0.8,20.0861828779844,78.3233352469836,NA
"Panthera onca","FELIDAE","CARNIVORA","Carnivore","Carnivore",100,0.038,0.056,28.3666657534247,"Polygynandrous (promiscuous)",5033.5,0.118722349257061,2,0.316227766016838,0.5,207.883057195653,1696.65839072427,2914.9
"Lynx lynx","FELIDAE","CARNIVORA","Carnivore","Carnivore",17.95,0.01,0.021,26.8,"Polygynous",1860,0.152272600253652,2.25,0.485829505317958,1,45.075075015924,422.072071730653,4805
"Gazella subgutturosa","BOVIDAE","ARTIODACTYLA","Herbivore","Herbivore",28.5,3.994,23.976,20,"Polygynous",13500,0.092771922790458,1.39,0.432801527627085,1,8.85083463454154,29.2063410842389,8.86
"Dama dama","CERVIDAE","ARTIODACTYLA","Herbivore","Herbivore",56.25,20.063,41.688,25,"Polygynous",22570,0.081586275998253,1.07,0.365148371670111,1,12.7771551010586,45.4367893994147,9.17
"Cephalophus silvicultor","BOVIDAE","ARTIODACTYLA","Herbivore","Omnivore",72.5003,0.426,0.793,22.5,"Monogamous",20512.5,0.0835594074316972,1,0.342700745426703,1,14.6538417168108,53.5856947920634,NA
"Sus scrofa","SUIDAE","ARTIODACTYLA","Herbivore","Omnivore",101.0521,4.234,6.015,27,"Polygynous",6469.99,0.111499802378388,5.567,0.315401434473049,1.5,17.5316377155763,66.4940011894326,205.48
"Gazella bennettii","BOVIDAE","ARTIODACTYLA","Herbivore","Herbivore",18.9167,1.565,2.574,23.7,"Polygynandrous (promiscuous)",5505,0.116094239027471,1.22,0.479500049008282,1.1,7.09356423021687,22.3757441959751,NA
"Cuon alpinus","CANIDAE","CARNIVORA","Carnivore","Carnivore",12.76,0.231,1.385,16.1,"Monogamous
Cooperative breeder",2350,0.143625989727402,4.3,0.529099475975858,1.05,33.2679618876235,320.135219526728,83.3
"Hylobates pileatus","HYLOBATIDAE","PRIMATES","Herbivore","Omnivore",5.44,29.151,90.35,57,"Monogamous",1070,0.174845337443659,1,0.654787341704367,0.5,3.6190235406565,9.95330422495349,0.557
"Panthera pardus","FELIDAE","CARNIVORA","Carnivore","Carnivore",54.9997,0.041,0.059,27.3,"Polygynandrous (promiscuous)",1940,0.150677903022723,2.14,0.367206127726012,1,122.106780428707,1045.40908248946,2750.05
"Hylobates moloch","HYLOBATIDAE","PRIMATES","Herbivore","Herbivore",6.5,7.156,14.875,57,"Monogamous",1070,0.174845337443659,1,0.626284496276547,0.475,3.9842007677307,11.1743347036121,0.54
"Capra nubiana","BOVIDAE","ARTIODACTYLA","Herbivore","Herbivore",62.6248,1.631,9.791,22.3,"Polygynous",15691.695,0.0893475268043805,1.11,0.355478559834378,0.8,13.5397620565408,48.7206554710596,NA
"Macropus fuliginosus","MACROPODIDAE","DIPROTODONTIA","Herbivore","Herbivore",22,3.339,7.972,23.2083342465753,"Polygynous",9389.085,0.101588414501049,1,0.461736630944103,1,7.69619831217928,24.683272415588,0.684
"Connochaetes taurinus","BOVIDAE","ARTIODACTYLA","Herbivore","Herbivore",179.999,2.137,3.1,24.7,"Polygynous
Polygynandrous (promiscuous)",51125.665,0.0665028499964717,1,0.273012465455676,1,23.944945455993,96.7728549945508,1041.6
"Colobus polykomos","CERCOPITHECIDAE","PRIMATES","Herbivore","Herbivore",9.0896,7.194,17.022,33.9,"Polygynous
Polygynandrous (promiscuous)",1240,0.168517333566471,1,0.575922183383613,0.6,4.7750967903407,13.8957533104432,1.14
"Madoqua kirkii","BOVIDAE","ARTIODACTYLA","Herbivore","Herbivore",5.3001,2.294,5.418,17.3,"Monogamous",1780,0.153955425877099,1,0.659066115780284,2,3.56846463165835,9.78616728253121,NA
"Bison bison","BOVIDAE","ARTIODACTYLA","Herbivore","Herbivore",579.2553,0.486,2.916,33.5,"Polygynous",158000,0.0501574822646945,1,0.203836754554667,1,45.0109118292695,206.868089813777,1441.9
"Gorilla gorilla","HOMINIDAE","PRIMATES","Herbivore","Herbivore",120.95,1.213,1.876,55.4,"Polygynous",12595,0.0943953186911272,1.005,0.30154250049082,0.3,19.3185787891956,74.7346166281916,24.414
"Capra ibex","BOVIDAE","ARTIODACTYLA","Herbivore","Herbivore",85.1665,2.892,17.362,22.3,"Polygynous",15691.695,0.0893475268043805,1.18,0.329179514249042,0.8,15.9850189021942,59.4980474475904,51.37586131
"Alouatta palliata","ATELIDAE","PRIMATES","Herbivore","Herbivore",7.275,86.421,161.567,25,"Polygynous",1100,0.173640820251968,1,0.608894078539143,0.6,4.23406792563681,12.023182581265,1.08
"Gorilla beringei","HOMINIDAE","PRIMATES","Herbivore","Herbivore",130,5.229,8,55.4,"Polygynous",12595,0.0943953186911272,1,0.296151653601162,0.3,20.0861828779844,78.3233352469836,42.92979143
"Cervus elaphus","CERVIDAE","ARTIODACTYLA","Herbivore","Herbivore",131.25,3.48,5.661,31.5,"Polygynous",46900,0.0679527112438945,1.035,0.295443998237224,0.905,20.1902469434311,78.8120359234538,159.8553
"Lynx rufus","FELIDAE","CARNIVORA","Carnivore","Carnivore",8.9041,0.2,0.388,32.3333342465753,"Polygynandrous (promiscuous)",1860,0.152272600253652,2.53,0.578898591360158,1,24.1520623249547,239.200637390955,478.8
"Redunca fulvorufula","BOVIDAE","ARTIODACTYLA","Herbivore","Herbivore",29.4999,0.345,0.516,15.8833342465753,"Polygynous",8635.5,0.103735672769408,1,0.429086513001342,1.1,9.01718740775756,29.8683579401583,NA
"Colobus angolensis","CERCOPITHECIDAE","PRIMATES","Herbivore","Herbivore",14.4622,11.131,24.466,35.3,"Polygynous",1240,0.168517333566471,1,0.512792198384208,0.6,6.13613008966668,18.7923170027478,26.5
"Colobus satanas","CERCOPITHECIDAE","PRIMATES","Herbivore","Herbivore",11.9938,13.544,25.983,33.9,"Polygynous",1240,0.168517333566471,1,0.537354387638749,0.6,5.54631684107449,16.6398694803112,5.73
"Colobus guereza","CERCOPITHECIDAE","PRIMATES","Herbivore","Omnivore",16.498,38.032,63.919,35,"Polygynous",1386.37,0.163881606270452,1,0.496183336576217,0.775,6.5884143408733,20.471908806994,0.3279
"Macaca nemestrina","CERCOPITHECIDAE","PRIMATES","Herbivore","Herbivore",6.2965,7.911,15.22,37.6,"Polygynandrous (promiscuous)",1416.5,0.163003096761727,1,0.631284604512141,0.85,3.91635069520432,10.9456732330495,1.81
"Dendrolagus lumholtzi","MACROPODIDAE","DIPROTODONTIA","Herbivore","Herbivore",6.75,4.686,28.131,23.8725506849315,"Polygynandrous (promiscuous)",1299.99,0.166538633610918,1,0.6204032394014,1,4.06623093040837,11.4518446011705,3.3914
"Cervus nippon","CERVIDAE","ARTIODACTYLA","Herbivore","Herbivore",53,4.329,9.551,26.3,"Polygynous",28590,0.0769035629473145,1,0.370621861131651,1,12.3730558087749,43.712667454531,126.709
"Bison bonasus","BOVIDAE","ARTIODACTYLA","Herbivore","Herbivore",500,1.235,7.413,33.5,"Polygynous",158000,0.0501574822646945,1,0.211474252688113,1,41.5730420507545,188.000280220497,504
"Macaca sylvanus","CERCOPITHECIDAE","PRIMATES","Herbivore","Herbivore",12.2,19.661,51.965,29.1,"Polygynandrous (promiscuous)
Cooperative breeder",2420,0.142575912076843,1.5,0.535069310610256,1,5.59760579868059,16.8252638599408,1.576
"Pudu puda","CERVIDAE","ARTIODACTYLA","Herbivore","Herbivore",9.7499,5.281,31.705,21,"Polygynous",2863.2,0.136705843419603,1.03,0.565913376730792,1.467,4.95938802886643,14.5438068643701,NA
"Panthera tigris","FELIDAE","CARNIVORA","Carnivore","Carnivore",162.564,0.024,0.034,26.3,"Polygynandrous (promiscuous)",11003,0.0976387524607037,2.57,0.280055370774687,0.4,320.35447166946,2514.91988325467,40400
"Semnopithecus entellus","CERCOPITHECIDAE","PRIMATES","Herbivore","Herbivore",14.5,24.596,38.295,29.275,"Polygynous
Polygynandrous (promiscuous)",2100,0.147721999118612,1.02,0.512457672124679,0.7,6.14478544556976,18.8242289029476,0.745
"Felis bieti","FELIDAE","CARNIVORA","Carnivore","Carnivore",7.75,0.106,0.634,28,"Polygynandrous (promiscuous)",636.895,0.199059560169272,3.69,0.599341809031833,2.02,21.3450713229088,213.761155424259,NA
"Erythrocebus patas","CERCOPITHECIDAE","PRIMATES","Herbivore","Herbivore",8.09,18.89,113.409,28.3,"Polygynous
Polygynandrous (promiscuous)",1950,0.150484353614892,1,0.592942895199289,1,4.48394424629325,12.882333344871,26.8
"Pan troglodytes","HOMINIDAE","PRIMATES","Herbivore","Herbivore",42.5,0.871,1.229,74,"Polygynandrous (promiscuous)
Cooperative breeder",8500,0.104146641284934,1.075,0.391654181350684,0.2,10.9824193949738,37.8687350430794,60.98
"Crocuta crocuta","HYAENIDAE","CARNIVORA","Carnivore","Carnivore",62.9999,0.208,0.359,41.1,"Polygynous",14500,0.0911292926855794,2,0.354948246453568,1,137.794400783373,1166.97001178072,816
"Felis silvestris","FELIDAE","CARNIVORA","Carnivore","Carnivore",5.5,0.058,0.096,28,"Polygynous",636.895,0.199059560169272,3.69,0.65299420572561,2.02,15.7304768789354,161.91541142427,58.37
"Erethizon dorsatum","ERETHIZONTIDAE","RODENTIA","Herbivore","Herbivore",7.0853,6.633,20.932,23.4,"Polygynous",1000,0.177827941003892,1,0.612929379872202,1,4.17408658634827,11.8184589770303,2.665
"Puma concolor","FELIDAE","CARNIVORA","Carnivore","Carnivore",51.6,0.061,0.103,23.8,"Polygynous",3500,0.130011865206874,2.76,0.373110588964487,0.47,115.365865746051,992.751764269293,7010
