region,biome,scenario
Asia,Tropical & Subtropical Moist Broadleaf Forests,ssp126
Asia,Tropical & Subtropical Moist Broadleaf Forests,ssp585
South America,Tropical & Subtropical Moist Broadleaf Forests,ssp126
South America,Tropical & Subtropical Moist Broadleaf Forests,ssp585
Europe+Asia,Boreal Forests/Taiga,ssp126
Europe+Asia,Boreal Forests/Taiga,ssp585
North America,Boreal Forests/Taiga,ssp126
North America,Boreal Forests/Taiga,ssp585
Africa,Tropical & Subtropical Moist Broadleaf Forests,ssp126
Africa,Tropical & Subtropical Moist Broadleaf Forests,ssp585
