"BIOME_NAME","CONTINENT","sci_name"
"Boreal Forests/Taiga","Europe+Asia","Capreolus pygargus"
"Tropical & Subtropical Moist Broadleaf Forests","Asia","Capreolus pygargus"
"Boreal Forests/Taiga","Europe+Asia","Capreolus pygargus"
"Boreal Forests/Taiga","North America","Odocoileus virginianus"
"Tropical & Subtropical Moist Broadleaf Forests","South America","Odocoileus virginianus"
"Boreal Forests/Taiga","Europe+Asia","Rangifer tarandus"
"Boreal Forests/Taiga","Europe+Asia","Rangifer tarandus"
"Boreal Forests/Taiga","North America","Rangifer tarandus"
"Tropical & Subtropical Moist Broadleaf Forests","Asia","Canis lupus"
"Boreal Forests/Taiga","Europe+Asia","Canis lupus"
"Boreal Forests/Taiga","North America","Canis lupus"
"Boreal Forests/Taiga","Europe+Asia","Canis lupus"
"Tropical & Subtropical Moist Broadleaf Forests","Asia","Arctictis binturong"
"Tropical & Subtropical Moist Broadleaf Forests","Asia","Viverra zibetha"
"Tropical & Subtropical Moist Broadleaf Forests","Asia","Ursus arctos"
"Boreal Forests/Taiga","North America","Ursus arctos"
"Boreal Forests/Taiga","Europe+Asia","Ursus arctos"
"Boreal Forests/Taiga","Europe+Asia","Ursus arctos"
"Tropical & Subtropical Moist Broadleaf Forests","South America","Dolichotis patagonum"
"Tropical & Subtropical Moist Broadleaf Forests","Asia","Macaca nigra"
"Boreal Forests/Taiga","North America","Taxidea taxus"
"Tropical & Subtropical Moist Broadleaf Forests","Africa","Tragelaphus scriptus"
"Tropical & Subtropical Moist Broadleaf Forests","Africa","Orycteropus afer"
"Boreal Forests/Taiga","North America","Lynx canadensis"
"Tropical & Subtropical Moist Broadleaf Forests","Africa","Hippotragus equinus"
"Boreal Forests/Taiga","Europe+Asia","Meles meles"
"Tropical & Subtropical Moist Broadleaf Forests","South America","Lycalopex griseus"
"Tropical & Subtropical Moist Broadleaf Forests","Africa","Panthera leo"
"Tropical & Subtropical Moist Broadleaf Forests","Asia","Panthera leo"
"Tropical & Subtropical Moist Broadleaf Forests","Asia","Macaca fuscata"
"Tropical & Subtropical Moist Broadleaf Forests","South America","Ozotoceros bezoarticus"
"Tropical & Subtropical Moist Broadleaf Forests","Asia","Macaca assamensis"
"Tropical & Subtropical Moist Broadleaf Forests","Africa","Proteles cristata"
"Tropical & Subtropical Moist Broadleaf Forests","Africa","Papio ursinus"
"Boreal Forests/Taiga","North America","Ursus americanus"
"Tropical & Subtropical Moist Broadleaf Forests","South America","Lycalopex vetulus"
"Tropical & Subtropical Moist Broadleaf Forests","Africa","Ceratotherium simum"
"Tropical & Subtropical Moist Broadleaf Forests","Africa","Diceros bicornis"
"Tropical & Subtropical Moist Broadleaf Forests","Asia","Felis chaus"
"Tropical & Subtropical Moist Broadleaf Forests","Asia","Axis axis"
"Tropical & Subtropical Moist Broadleaf Forests","Africa","Acinonyx jubatus"
"Tropical & Subtropical Moist Broadleaf Forests","Asia","Acinonyx jubatus"
"Boreal Forests/Taiga","Europe+Asia","Alces alces"
"Boreal Forests/Taiga","North America","Alces alces"
"Boreal Forests/Taiga","Europe+Asia","Alces alces"
"Tropical & Subtropical Moist Broadleaf Forests","Asia","Canis aureus"
"Tropical & Subtropical Moist Broadleaf Forests","Africa","Aepyceros melampus"
"Tropical & Subtropical Moist Broadleaf Forests","Africa","Syncerus caffer"
"Tropical & Subtropical Moist Broadleaf Forests","Asia","Boselaphus tragocamelus"
"Tropical & Subtropical Moist Broadleaf Forests","Asia","Viverra tangalunga"
"Boreal Forests/Taiga","North America","Oreamnos americanus"
"Tropical & Subtropical Moist Broadleaf Forests","Africa","Loxodonta africana"
"Tropical & Subtropical Moist Broadleaf Forests","Africa","Alcelaphus buselaphus"
"Tropical & Subtropical Moist Broadleaf Forests","Africa","Tragelaphus eurycerus"
"Tropical & Subtropical Moist Broadleaf Forests","Asia","Helarctos malayanus"
"Tropical & Subtropical Moist Broadleaf Forests","Africa","Tragelaphus angasii"
"Tropical & Subtropical Moist Broadleaf Forests","Africa","Equus quagga"
"Tropical & Subtropical Moist Broadleaf Forests","South America","Ateles belzebuth"
"Tropical & Subtropical Moist Broadleaf Forests","South America","Panthera onca"
"Tropical & Subtropical Moist Broadleaf Forests","Asia","Pongo pygmaeus"
"Boreal Forests/Taiga","Europe+Asia","Lynx lynx"
"Tropical & Subtropical Moist Broadleaf Forests","Asia","Lynx lynx"
"Boreal Forests/Taiga","Europe+Asia","Lynx lynx"
"Boreal Forests/Taiga","Europe+Asia","Dama dama"
"Tropical & Subtropical Moist Broadleaf Forests","Africa","Tragelaphus buxtoni"
"Tropical & Subtropical Moist Broadleaf Forests","Africa","Mandrillus sphinx"
"Tropical & Subtropical Moist Broadleaf Forests","Asia","Sus scrofa"
"Boreal Forests/Taiga","Europe+Asia","Sus scrofa"
"Boreal Forests/Taiga","Europe+Asia","Sus scrofa"
"Tropical & Subtropical Moist Broadleaf Forests","Asia","Pygathrix nemaeus"
"Tropical & Subtropical Moist Broadleaf Forests","South America","Ateles geoffroyi"
"Tropical & Subtropical Moist Broadleaf Forests","Africa","Cryptoprocta ferox"
"Tropical & Subtropical Moist Broadleaf Forests","South America","Leopardus pardalis"
"Tropical & Subtropical Moist Broadleaf Forests","Asia","Cuon alpinus"
"Tropical & Subtropical Moist Broadleaf Forests","Asia","Panthera pardus"
"Tropical & Subtropical Moist Broadleaf Forests","Africa","Panthera pardus"
"Tropical & Subtropical Moist Broadleaf Forests","Africa","Lycaon pictus"
"Tropical & Subtropical Moist Broadleaf Forests","Africa","Tragelaphus strepsiceros"
"Boreal Forests/Taiga","North America","Vulpes vulpes"
"Boreal Forests/Taiga","Europe+Asia","Vulpes vulpes"
"Tropical & Subtropical Moist Broadleaf Forests","Asia","Vulpes vulpes"
"Boreal Forests/Taiga","Europe+Asia","Vulpes vulpes"
"Boreal Forests/Taiga","North America","Ovis dalli"
"Tropical & Subtropical Moist Broadleaf Forests","Africa","Connochaetes taurinus"
"Tropical & Subtropical Moist Broadleaf Forests","Asia","Melursus ursinus"
"Tropical & Subtropical Moist Broadleaf Forests","South America","Speothos venaticus"
"Tropical & Subtropical Moist Broadleaf Forests","Asia","Hylobates albibarbis"
"Tropical & Subtropical Moist Broadleaf Forests","South America","Tayassu pecari"
"Boreal Forests/Taiga","North America","Bison bison"
"Tropical & Subtropical Moist Broadleaf Forests","Africa","Gorilla gorilla"
"Tropical & Subtropical Moist Broadleaf Forests","Africa","Caracal caracal"
"Tropical & Subtropical Moist Broadleaf Forests","Asia","Caracal caracal"
"Tropical & Subtropical Moist Broadleaf Forests","Asia","Elephas maximus"
"Tropical & Subtropical Moist Broadleaf Forests","Africa","Giraffa camelopardalis"
"Tropical & Subtropical Moist Broadleaf Forests","South America","Priodontes maximus"
"Tropical & Subtropical Moist Broadleaf Forests","Africa","Gorilla beringei"
"Boreal Forests/Taiga","Europe+Asia","Cervus elaphus"
"Boreal Forests/Taiga","North America","Odocoileus hemionus"
"Boreal Forests/Taiga","North America","Procyon lotor"
"Boreal Forests/Taiga","North America","Lynx rufus"
"Tropical & Subtropical Moist Broadleaf Forests","Asia","Budorcas taxicolor"
"Boreal Forests/Taiga","Europe+Asia","Gulo gulo"
"Boreal Forests/Taiga","North America","Gulo gulo"
"Boreal Forests/Taiga","Europe+Asia","Gulo gulo"
"Tropical & Subtropical Moist Broadleaf Forests","Asia","Macaca thibetana"
"Tropical & Subtropical Moist Broadleaf Forests","South America","Myrmecophaga tridactyla"
"Tropical & Subtropical Moist Broadleaf Forests","South America","Brachyteles hypoxanthus"
"Tropical & Subtropical Moist Broadleaf Forests","Africa","Colobus angolensis"
"Tropical & Subtropical Moist Broadleaf Forests","Africa","Lophocebus albigena"
"Tropical & Subtropical Moist Broadleaf Forests","South America","Chrysocyon brachyurus"
"Tropical & Subtropical Moist Broadleaf Forests","Asia","Macaca nemestrina"
"Tropical & Subtropical Moist Broadleaf Forests","Africa","Herpestes ichneumon"
"Boreal Forests/Taiga","North America","Canis latrans"
"Tropical & Subtropical Moist Broadleaf Forests","Asia","Cervus nippon"
"Tropical & Subtropical Moist Broadleaf Forests","Asia","Manis javanica"
"Tropical & Subtropical Moist Broadleaf Forests","South America","Tremarctos ornatus"
"Tropical & Subtropical Moist Broadleaf Forests","Asia","Ursus thibetanus"
"Boreal Forests/Taiga","Europe+Asia","Ursus thibetanus"
"Boreal Forests/Taiga","Europe+Asia","Bison bonasus"
"Tropical & Subtropical Moist Broadleaf Forests","Africa","Papio anubis"
"Tropical & Subtropical Moist Broadleaf Forests","Asia","Hystrix indica"
"Tropical & Subtropical Moist Broadleaf Forests","Asia","Pongo abelii"
"Tropical & Subtropical Moist Broadleaf Forests","Asia","Panthera tigris"
"Boreal Forests/Taiga","Europe+Asia","Panthera tigris"
"Tropical & Subtropical Moist Broadleaf Forests","Asia","Macaca leonina"
"Tropical & Subtropical Moist Broadleaf Forests","Africa","Hyaena hyaena"
"Tropical & Subtropical Moist Broadleaf Forests","Asia","Hyaena hyaena"
"Tropical & Subtropical Moist Broadleaf Forests","Asia","Rhinopithecus bieti"
"Tropical & Subtropical Moist Broadleaf Forests","Africa","Erythrocebus patas"
"Tropical & Subtropical Moist Broadleaf Forests","Africa","Damaliscus lunatus"
"Tropical & Subtropical Moist Broadleaf Forests","Africa","Pan troglodytes"
"Tropical & Subtropical Moist Broadleaf Forests","Africa","Crocuta crocuta"
"Tropical & Subtropical Moist Broadleaf Forests","Africa","Hippotragus niger"
"Tropical & Subtropical Moist Broadleaf Forests","South America","Lycalopex culpaeus"
"Tropical & Subtropical Moist Broadleaf Forests","Africa","Mellivora capensis"
"Tropical & Subtropical Moist Broadleaf Forests","Asia","Mellivora capensis"
"Tropical & Subtropical Moist Broadleaf Forests","Asia","Bos javanicus"
"Tropical & Subtropical Moist Broadleaf Forests","Africa","Canis simensis"
"Tropical & Subtropical Moist Broadleaf Forests","South America","Pecari tajacu"
"Tropical & Subtropical Moist Broadleaf Forests","South America","Cerdocyon thous"
"Boreal Forests/Taiga","North America","Puma concolor"
"Tropical & Subtropical Moist Broadleaf Forests","South America","Puma concolor"
