"","biome","scenario","time","taxa","mean_Sps_richness_yr","mean_Shannon_Index_yr","mean_Funct_Div_yr"
"1","Boreal forests","BAU",1,"Bird",1,2.59621581967763,1.05898831558903
"2","Boreal forests","BAU",1,"Insect",2,2.59621581967763,1.05898831558903
"3","Boreal forests","BAU",1,"Mammal",2,2.59621581967763,1.05898831558903
"4","Boreal forests","BAU",2,"Bird",1,2.59611891933728,1.02770551456596
"5","Boreal forests","BAU",2,"Insect",2,2.59611891933728,1.02770551456596
"6","Boreal forests","BAU",2,"Mammal",2,2.59611891933728,1.02770551456596
"7","Boreal forests","BAU",3,"Bird",1,2.58597029670341,1.03591355467664
"8","Boreal forests","BAU",3,"Insect",2,2.58597029670341,1.03591355467664
"9","Boreal forests","BAU",3,"Mammal",2,2.58597029670341,1.03591355467664
"10","Boreal forests","BAU",4,"Bird",1,2.5934435545451,1.01715433568738
"11","Boreal forests","BAU",4,"Insect",2,2.5934435545451,1.01715433568738
"12","Boreal forests","BAU",4,"Mammal",2,2.5934435545451,1.01715433568738
"13","Boreal forests","BAU",5,"Bird",1,2.57840129608758,1.02507434820612
"14","Boreal forests","BAU",5,"Insect",2,2.57840129608758,1.02507434820612
"15","Boreal forests","BAU",5,"Mammal",2,2.57840129608758,1.02507434820612
"16","Boreal forests","BAU",6,"Bird",1,2.59959405695664,1.0379675636806
"17","Boreal forests","BAU",6,"Insect",2,2.59959405695664,1.0379675636806
"18","Boreal forests","BAU",6,"Mammal",2,2.59959405695664,1.0379675636806
"19","Boreal forests","BAU",7,"Bird",1,2.60309401965689,1.03135809287518
"20","Boreal forests","BAU",7,"Insect",2,2.60309401965689,1.03135809287518
"21","Boreal forests","BAU",7,"Mammal",2,2.60309401965689,1.03135809287518
"22","Boreal forests","BAU",8,"Bird",1,2.59350439831784,1.0336300180382
"23","Boreal forests","BAU",8,"Insect",2,2.59350439831784,1.0336300180382
"24","Boreal forests","BAU",8,"Mammal",2,2.59350439831784,1.0336300180382
"25","Boreal forests","BAU",9,"Bird",1,2.5949548217899,1.02825508291836
"26","Boreal forests","BAU",9,"Insect",2,2.5949548217899,1.02825508291836
"27","Boreal forests","BAU",9,"Mammal",2,2.5949548217899,1.02825508291836
"28","Boreal forests","BAU",10,"Bird",1,2.58882708442097,1.04961265140149
"29","Boreal forests","BAU",10,"Insect",2,2.58882708442097,1.04961265140149
"30","Boreal forests","BAU",10,"Mammal",2,2.58882708442097,1.04961265140149
"31","Boreal forests","BAU",11,"Bird",1,2.58670558206395,1.02662957520404
"32","Boreal forests","BAU",11,"Insect",2,2.58670558206395,1.02662957520404
"33","Boreal forests","BAU",11,"Mammal",2,2.58670558206395,1.02662957520404
"34","Boreal forests","BAU",12,"Bird",1,2.59034704795201,1.05365942553273
"35","Boreal forests","BAU",12,"Insect",2,2.59034704795201,1.05365942553273
"36","Boreal forests","BAU",12,"Mammal",2,2.59034704795201,1.05365942553273
"37","Boreal forests","BAU",13,"Bird",1,2.60971140187479,1.04086598982383
"38","Boreal forests","BAU",13,"Insect",2,2.60971140187479,1.04086598982383
"39","Boreal forests","BAU",13,"Mammal",2,2.60971140187479,1.04086598982383
"40","Boreal forests","BAU",14,"Bird",1,2.59575891371223,1.04146354094299
"41","Boreal forests","BAU",14,"Insect",2,2.59575891371223,1.04146354094299
"42","Boreal forests","BAU",14,"Mammal",2,2.59575891371223,1.04146354094299
"43","Boreal forests","BAU",15,"Bird",1,2.61097308756166,1.04725300547706
"44","Boreal forests","BAU",15,"Insect",2,2.61097308756166,1.04725300547706
"45","Boreal forests","BAU",15,"Mammal",2,2.61097308756166,1.04725300547706
"46","Boreal forests","BAU",16,"Bird",1,2.58935279755393,0.999680468945865
"47","Boreal forests","BAU",16,"Insect",2,2.58935279755393,0.999680468945865
"48","Boreal forests","BAU",16,"Mammal",2,2.58935279755393,0.999680468945865
"49","Boreal forests","BAU",17,"Bird",1,2.58270699340436,1.03970520533608
"50","Boreal forests","BAU",17,"Insect",2,2.58270699340436,1.03970520533608
"51","Boreal forests","BAU",17,"Mammal",2,2.58270699340436,1.03970520533608
"52","Boreal forests","BAU",18,"Bird",1,2.58947822845661,1.054158500822
"53","Boreal forests","BAU",18,"Insect",2,2.58947822845661,1.054158500822
"54","Boreal forests","BAU",18,"Mammal",2,2.58947822845661,1.054158500822
"55","Boreal forests","BAU",19,"Bird",1,2.59235482117665,1.04721135092477
"56","Boreal forests","BAU",19,"Insect",2,2.59235482117665,1.04721135092477
"57","Boreal forests","BAU",19,"Mammal",2,2.59235482117665,1.04721135092477
"58","Boreal forests","BAU",20,"Bird",1,2.60313571144564,1.05841414365425
"59","Boreal forests","BAU",20,"Insect",2,2.60313571144564,1.05841414365425
"60","Boreal forests","BAU",20,"Mammal",2,2.60313571144564,1.05841414365425
"61","Boreal forests","policy A",1,"Bird",1,2.59331218923583,1.01337739750688
"62","Boreal forests","policy A",1,"Insect",2,2.59331218923583,1.01337739750688
"63","Boreal forests","policy A",1,"Mammal",2,2.59331218923583,1.01337739750688
"64","Boreal forests","policy A",2,"Bird",1,2.57704081003931,1.04853443597217
"65","Boreal forests","policy A",2,"Insect",2,2.57704081003931,1.04853443597217
"66","Boreal forests","policy A",2,"Mammal",2,2.57704081003931,1.04853443597217
"67","Boreal forests","policy A",3,"Bird",1,2.58539126475586,1.04834597190529
"68","Boreal forests","policy A",3,"Insect",2,2.58539126475586,1.04834597190529
"69","Boreal forests","policy A",3,"Mammal",2,2.58539126475586,1.04834597190529
"70","Boreal forests","policy A",4,"Bird",1,2.6067376088809,1.04364407881647
"71","Boreal forests","policy A",4,"Insect",2,2.6067376088809,1.04364407881647
"72","Boreal forests","policy A",4,"Mammal",2,2.6067376088809,1.04364407881647
"73","Boreal forests","policy A",5,"Bird",1,2.59799199508553,1.03283176403476
"74","Boreal forests","policy A",5,"Insect",2,2.59799199508553,1.03283176403476
"75","Boreal forests","policy A",5,"Mammal",2,2.59799199508553,1.03283176403476
"76","Boreal forests","policy A",6,"Bird",1,2.57735175199258,1.04341752915957
"77","Boreal forests","policy A",6,"Insect",2,2.57735175199258,1.04341752915957
"78","Boreal forests","policy A",6,"Mammal",2,2.57735175199258,1.04341752915957
"79","Boreal forests","policy A",7,"Bird",1,2.58724629058737,1.03030388534861
"80","Boreal forests","policy A",7,"Insect",2,2.58724629058737,1.03030388534861
"81","Boreal forests","policy A",7,"Mammal",2,2.58724629058737,1.03030388534861
"82","Boreal forests","policy A",8,"Bird",1,2.57631911274783,1.0570160332207
"83","Boreal forests","policy A",8,"Insect",2,2.57631911274783,1.0570160332207
"84","Boreal forests","policy A",8,"Mammal",2,2.57631911274783,1.0570160332207
"85","Boreal forests","policy A",9,"Bird",1,2.58412236629465,1.03707130664037
"86","Boreal forests","policy A",9,"Insect",2,2.58412236629465,1.03707130664037
"87","Boreal forests","policy A",9,"Mammal",2,2.58412236629465,1.03707130664037
"88","Boreal forests","policy A",10,"Bird",1,2.59595332501241,1.02645390945107
"89","Boreal forests","policy A",10,"Insect",2,2.59595332501241,1.02645390945107
"90","Boreal forests","policy A",10,"Mammal",2,2.59595332501241,1.02645390945107
"91","Boreal forests","policy A",11,"Bird",1,2.58056718858697,1.02830894321293
"92","Boreal forests","policy A",11,"Insect",2,2.58056718858697,1.02830894321293
"93","Boreal forests","policy A",11,"Mammal",2,2.58056718858697,1.02830894321293
"94","Boreal forests","policy A",12,"Bird",1,2.58797456013747,1.0392675777414
"95","Boreal forests","policy A",12,"Insect",2,2.58797456013747,1.0392675777414
"96","Boreal forests","policy A",12,"Mammal",2,2.58797456013747,1.0392675777414
"97","Boreal forests","policy A",13,"Bird",1,2.59243395048143,1.05178065219879
"98","Boreal forests","policy A",13,"Insect",2,2.59243395048143,1.05178065219879
"99","Boreal forests","policy A",13,"Mammal",2,2.59243395048143,1.05178065219879
"100","Boreal forests","policy A",14,"Bird",1,2.58929835288891,1.03909960462541
"101","Boreal forests","policy A",14,"Insect",2,2.58929835288891,1.03909960462541
"102","Boreal forests","policy A",14,"Mammal",2,2.58929835288891,1.03909960462541
"103","Boreal forests","policy A",15,"Bird",1,2.59150407003832,1.04773424039631
"104","Boreal forests","policy A",15,"Insect",2,2.59150407003832,1.04773424039631
"105","Boreal forests","policy A",15,"Mammal",2,2.59150407003832,1.04773424039631
"106","Boreal forests","policy A",16,"Bird",1,2.59666327336995,1.04166121144959
"107","Boreal forests","policy A",16,"Insect",2,2.59666327336995,1.04166121144959
"108","Boreal forests","policy A",16,"Mammal",2,2.59666327336995,1.04166121144959
"109","Boreal forests","policy A",17,"Bird",1,2.59459629729245,1.04853558237111
"110","Boreal forests","policy A",17,"Insect",2,2.59459629729245,1.04853558237111
"111","Boreal forests","policy A",17,"Mammal",2,2.59459629729245,1.04853558237111
"112","Boreal forests","policy A",18,"Bird",1,2.56950892862533,1.04268809680791
"113","Boreal forests","policy A",18,"Insect",2,2.56950892862533,1.04268809680791
"114","Boreal forests","policy A",18,"Mammal",2,2.56950892862533,1.04268809680791
"115","Boreal forests","policy A",19,"Bird",1,2.58232537145812,1.04414402401593
"116","Boreal forests","policy A",19,"Insect",2,2.58232537145812,1.04414402401593
"117","Boreal forests","policy A",19,"Mammal",2,2.58232537145812,1.04414402401593
"118","Boreal forests","policy A",20,"Bird",1,2.60019094888444,1.05210609519983
"119","Boreal forests","policy A",20,"Insect",2,2.60019094888444,1.05210609519983
"120","Boreal forests","policy A",20,"Mammal",2,2.60019094888444,1.05210609519983
"121","Boreal forests","policy B",1,"Bird",1,2.60021278470706,1.04613772879798
"122","Boreal forests","policy B",1,"Insect",2,2.60021278470706,1.04613772879798
"123","Boreal forests","policy B",1,"Mammal",2,2.60021278470706,1.04613772879798
"124","Boreal forests","policy B",2,"Bird",1,2.59698739526881,1.03767142813745
"125","Boreal forests","policy B",2,"Insect",2,2.59698739526881,1.03767142813745
"126","Boreal forests","policy B",2,"Mammal",2,2.59698739526881,1.03767142813745
"127","Boreal forests","policy B",3,"Bird",1,2.60802495502485,1.03686075574168
"128","Boreal forests","policy B",3,"Insect",2,2.60802495502485,1.03686075574168
"129","Boreal forests","policy B",3,"Mammal",2,2.60802495502485,1.03686075574168
"130","Boreal forests","policy B",4,"Bird",1,2.58611370095933,1.03533960848937
"131","Boreal forests","policy B",4,"Insect",2,2.58611370095933,1.03533960848937
"132","Boreal forests","policy B",4,"Mammal",2,2.58611370095933,1.03533960848937
"133","Boreal forests","policy B",5,"Bird",1,2.60097527156813,1.04961955210602
"134","Boreal forests","policy B",5,"Insect",2,2.60097527156813,1.04961955210602
"135","Boreal forests","policy B",5,"Mammal",2,2.60097527156813,1.04961955210602
"136","Boreal forests","policy B",6,"Bird",1,2.58812648550006,1.03295687349226
"137","Boreal forests","policy B",6,"Insect",2,2.58812648550006,1.03295687349226
"138","Boreal forests","policy B",6,"Mammal",2,2.58812648550006,1.03295687349226
"139","Boreal forests","policy B",7,"Bird",1,2.58534232304175,1.04060394562977
"140","Boreal forests","policy B",7,"Insect",2,2.58534232304175,1.04060394562977
"141","Boreal forests","policy B",7,"Mammal",2,2.58534232304175,1.04060394562977
"142","Boreal forests","policy B",8,"Bird",1,2.59360173093991,1.03394315082356
"143","Boreal forests","policy B",8,"Insect",2,2.59360173093991,1.03394315082356
"144","Boreal forests","policy B",8,"Mammal",2,2.59360173093991,1.03394315082356
"145","Boreal forests","policy B",9,"Bird",1,2.59261246070585,1.04791547545577
"146","Boreal forests","policy B",9,"Insect",2,2.59261246070585,1.04791547545577
"147","Boreal forests","policy B",9,"Mammal",2,2.59261246070585,1.04791547545577
"148","Boreal forests","policy B",10,"Bird",1,2.58940656815965,1.03485589530697
"149","Boreal forests","policy B",10,"Insect",2,2.58940656815965,1.03485589530697
"150","Boreal forests","policy B",10,"Mammal",2,2.58940656815965,1.03485589530697
"151","Boreal forests","policy B",11,"Bird",1,2.60419834014268,1.03855787579443
"152","Boreal forests","policy B",11,"Insect",2,2.60419834014268,1.03855787579443
"153","Boreal forests","policy B",11,"Mammal",2,2.60419834014268,1.03855787579443
"154","Boreal forests","policy B",12,"Bird",1,2.54249866678142,1.03172969248274
"155","Boreal forests","policy B",12,"Insect",2,2.54249866678142,1.03172969248274
"156","Boreal forests","policy B",12,"Mammal",2,2.54249866678142,1.03172969248274
"157","Boreal forests","policy B",13,"Bird",1,2.58652119815244,1.01778493983587
"158","Boreal forests","policy B",13,"Insect",2,2.58652119815244,1.01778493983587
"159","Boreal forests","policy B",13,"Mammal",2,2.58652119815244,1.01778493983587
"160","Boreal forests","policy B",14,"Bird",1,2.59408580267218,1.02217812195694
"161","Boreal forests","policy B",14,"Insect",2,2.59408580267218,1.02217812195694
"162","Boreal forests","policy B",14,"Mammal",2,2.59408580267218,1.02217812195694
"163","Boreal forests","policy B",15,"Bird",1,2.58011063019243,1.03857537697284
"164","Boreal forests","policy B",15,"Insect",2,2.58011063019243,1.03857537697284
"165","Boreal forests","policy B",15,"Mammal",2,2.58011063019243,1.03857537697284
"166","Boreal forests","policy B",16,"Bird",1,2.5846891829336,1.02990256010919
"167","Boreal forests","policy B",16,"Insect",2,2.5846891829336,1.02990256010919
"168","Boreal forests","policy B",16,"Mammal",2,2.5846891829336,1.02990256010919
"169","Boreal forests","policy B",17,"Bird",1,2.59733250060272,1.0107194583725
"170","Boreal forests","policy B",17,"Insect",2,2.59733250060272,1.0107194583725
"171","Boreal forests","policy B",17,"Mammal",2,2.59733250060272,1.0107194583725
"172","Boreal forests","policy B",18,"Bird",1,2.60294833070196,1.0366419548966
"173","Boreal forests","policy B",18,"Insect",2,2.60294833070196,1.0366419548966
"174","Boreal forests","policy B",18,"Mammal",2,2.60294833070196,1.0366419548966
"175","Boreal forests","policy B",19,"Bird",1,2.59322013173554,1.02298447954546
"176","Boreal forests","policy B",19,"Insect",2,2.59322013173554,1.02298447954546
"177","Boreal forests","policy B",19,"Mammal",2,2.59322013173554,1.02298447954546
"178","Boreal forests","policy B",20,"Bird",1,2.57760107931259,1.01776817603037
"179","Boreal forests","policy B",20,"Insect",2,2.57760107931259,1.01776817603037
"180","Boreal forests","policy B",20,"Mammal",2,2.57760107931259,1.01776817603037
"181","Boreal forests","policy C",1,"Bird",1,2.59445867594863,1.03446485844501
"182","Boreal forests","policy C",1,"Insect",2,2.59445867594863,1.03446485844501
"183","Boreal forests","policy C",1,"Mammal",2,2.59445867594863,1.03446485844501
"184","Boreal forests","policy C",2,"Bird",1,2.5792906164532,1.04024065794628
"185","Boreal forests","policy C",2,"Insect",2,2.5792906164532,1.04024065794628
"186","Boreal forests","policy C",2,"Mammal",2,2.5792906164532,1.04024065794628
"187","Boreal forests","policy C",3,"Bird",1,2.5827583427561,1.05291611079984
"188","Boreal forests","policy C",3,"Insect",2,2.5827583427561,1.05291611079984
"189","Boreal forests","policy C",3,"Mammal",2,2.5827583427561,1.05291611079984
"190","Boreal forests","policy C",4,"Bird",1,2.585628409713,1.03873850322078
"191","Boreal forests","policy C",4,"Insect",2,2.585628409713,1.03873850322078
"192","Boreal forests","policy C",4,"Mammal",2,2.585628409713,1.03873850322078
"193","Boreal forests","policy C",5,"Bird",1,2.59890612370647,1.04154014717678
"194","Boreal forests","policy C",5,"Insect",2,2.59890612370647,1.04154014717678
"195","Boreal forests","policy C",5,"Mammal",2,2.59890612370647,1.04154014717678
"196","Boreal forests","policy C",6,"Bird",1,2.58630091419174,1.03458043815668
"197","Boreal forests","policy C",6,"Insect",2,2.58630091419174,1.03458043815668
"198","Boreal forests","policy C",6,"Mammal",2,2.58630091419174,1.03458043815668
"199","Boreal forests","policy C",7,"Bird",1,2.60218090597976,1.04274040268397
"200","Boreal forests","policy C",7,"Insect",2,2.60218090597976,1.04274040268397
"201","Boreal forests","policy C",7,"Mammal",2,2.60218090597976,1.04274040268397
"202","Boreal forests","policy C",8,"Bird",1,2.57516811036174,1.03982630334634
"203","Boreal forests","policy C",8,"Insect",2,2.57516811036174,1.03982630334634
"204","Boreal forests","policy C",8,"Mammal",2,2.57516811036174,1.03982630334634
"205","Boreal forests","policy C",9,"Bird",1,2.5617172824592,1.02901412873656
"206","Boreal forests","policy C",9,"Insect",2,2.5617172824592,1.02901412873656
"207","Boreal forests","policy C",9,"Mammal",2,2.5617172824592,1.02901412873656
"208","Boreal forests","policy C",10,"Bird",1,2.58224706876187,1.05870858876117
"209","Boreal forests","policy C",10,"Insect",2,2.58224706876187,1.05870858876117
"210","Boreal forests","policy C",10,"Mammal",2,2.58224706876187,1.05870858876117
"211","Boreal forests","policy C",11,"Bird",1,2.59935771181639,1.04790668295281
"212","Boreal forests","policy C",11,"Insect",2,2.59935771181639,1.04790668295281
"213","Boreal forests","policy C",11,"Mammal",2,2.59935771181639,1.04790668295281
"214","Boreal forests","policy C",12,"Bird",1,2.58613851521337,1.01301876234934
"215","Boreal forests","policy C",12,"Insect",2,2.58613851521337,1.01301876234934
"216","Boreal forests","policy C",12,"Mammal",2,2.58613851521337,1.01301876234934
"217","Boreal forests","policy C",13,"Bird",1,2.60809457879589,1.04778046860791
"218","Boreal forests","policy C",13,"Insect",2,2.60809457879589,1.04778046860791
"219","Boreal forests","policy C",13,"Mammal",2,2.60809457879589,1.04778046860791
"220","Boreal forests","policy C",14,"Bird",1,2.57512782724347,1.05955649740486
"221","Boreal forests","policy C",14,"Insect",2,2.57512782724347,1.05955649740486
"222","Boreal forests","policy C",14,"Mammal",2,2.57512782724347,1.05955649740486
"223","Boreal forests","policy C",15,"Bird",1,2.57151358272524,1.04370877303401
"224","Boreal forests","policy C",15,"Insect",2,2.57151358272524,1.04370877303401
"225","Boreal forests","policy C",15,"Mammal",2,2.57151358272524,1.04370877303401
"226","Boreal forests","policy C",16,"Bird",1,2.5813304374093,1.04870771279873
"227","Boreal forests","policy C",16,"Insect",2,2.5813304374093,1.04870771279873
"228","Boreal forests","policy C",16,"Mammal",2,2.5813304374093,1.04870771279873
"229","Boreal forests","policy C",17,"Bird",1,2.58991240030353,1.0553334697821
"230","Boreal forests","policy C",17,"Insect",2,2.58991240030353,1.0553334697821
"231","Boreal forests","policy C",17,"Mammal",2,2.58991240030353,1.0553334697821
"232","Boreal forests","policy C",18,"Bird",1,2.58777313902127,1.04809461225364
"233","Boreal forests","policy C",18,"Insect",2,2.58777313902127,1.04809461225364
"234","Boreal forests","policy C",18,"Mammal",2,2.58777313902127,1.04809461225364
"235","Boreal forests","policy C",19,"Bird",1,2.60224179860044,1.05318280759805
"236","Boreal forests","policy C",19,"Insect",2,2.60224179860044,1.05318280759805
"237","Boreal forests","policy C",19,"Mammal",2,2.60224179860044,1.05318280759805
"238","Boreal forests","policy C",20,"Bird",1,2.59358438719322,1.05902054758602
"239","Boreal forests","policy C",20,"Insect",2,2.59358438719322,1.05902054758602
"240","Boreal forests","policy C",20,"Mammal",2,2.59358438719322,1.05902054758602
"241","Boreal forests","policy D",1,"Bird",1,2.58270470948692,1.02924942014525
"242","Boreal forests","policy D",1,"Insect",2,2.58270470948692,1.02924942014525
"243","Boreal forests","policy D",1,"Mammal",2,2.58270470948692,1.02924942014525
"244","Boreal forests","policy D",2,"Bird",1,2.57118902358069,1.05653242067872
"245","Boreal forests","policy D",2,"Insect",2,2.57118902358069,1.05653242067872
"246","Boreal forests","policy D",2,"Mammal",2,2.57118902358069,1.05653242067872
"247","Boreal forests","policy D",3,"Bird",1,2.59690269480986,1.0442773355716
"248","Boreal forests","policy D",3,"Insect",2,2.59690269480986,1.0442773355716
"249","Boreal forests","policy D",3,"Mammal",2,2.59690269480986,1.0442773355716
"250","Boreal forests","policy D",4,"Bird",1,2.5854611818961,1.02935026106932
"251","Boreal forests","policy D",4,"Insect",2,2.5854611818961,1.02935026106932
"252","Boreal forests","policy D",4,"Mammal",2,2.5854611818961,1.02935026106932
"253","Boreal forests","policy D",5,"Bird",1,2.60082846288586,1.04884169486339
"254","Boreal forests","policy D",5,"Insect",2,2.60082846288586,1.04884169486339
"255","Boreal forests","policy D",5,"Mammal",2,2.60082846288586,1.04884169486339
"256","Boreal forests","policy D",6,"Bird",1,2.57187035255942,1.04790897055829
"257","Boreal forests","policy D",6,"Insect",2,2.57187035255942,1.04790897055829
"258","Boreal forests","policy D",6,"Mammal",2,2.57187035255942,1.04790897055829
"259","Boreal forests","policy D",7,"Bird",1,2.5938688738687,1.06382083823657
"260","Boreal forests","policy D",7,"Insect",2,2.5938688738687,1.06382083823657
"261","Boreal forests","policy D",7,"Mammal",2,2.5938688738687,1.06382083823657
"262","Boreal forests","policy D",8,"Bird",1,2.58435122493428,1.0225836306283
"263","Boreal forests","policy D",8,"Insect",2,2.58435122493428,1.0225836306283
"264","Boreal forests","policy D",8,"Mammal",2,2.58435122493428,1.0225836306283
"265","Boreal forests","policy D",9,"Bird",1,2.59211292249638,1.02517754818957
"266","Boreal forests","policy D",9,"Insect",2,2.59211292249638,1.02517754818957
"267","Boreal forests","policy D",9,"Mammal",2,2.59211292249638,1.02517754818957
"268","Boreal forests","policy D",10,"Bird",1,2.58690164729987,1.03103988576852
"269","Boreal forests","policy D",10,"Insect",2,2.58690164729987,1.03103988576852
"270","Boreal forests","policy D",10,"Mammal",2,2.58690164729987,1.03103988576852
"271","Boreal forests","policy D",11,"Bird",1,2.60275547435904,1.0426658465503
"272","Boreal forests","policy D",11,"Insect",2,2.60275547435904,1.0426658465503
"273","Boreal forests","policy D",11,"Mammal",2,2.60275547435904,1.0426658465503
"274","Boreal forests","policy D",12,"Bird",1,2.60446737279509,1.05085624032815
"275","Boreal forests","policy D",12,"Insect",2,2.60446737279509,1.05085624032815
"276","Boreal forests","policy D",12,"Mammal",2,2.60446737279509,1.05085624032815
"277","Boreal forests","policy D",13,"Bird",1,2.5858250030887,1.05545798107041
"278","Boreal forests","policy D",13,"Insect",2,2.5858250030887,1.05545798107041
"279","Boreal forests","policy D",13,"Mammal",2,2.5858250030887,1.05545798107041
"280","Boreal forests","policy D",14,"Bird",1,2.60374946613643,1.03356577604823
"281","Boreal forests","policy D",14,"Insect",2,2.60374946613643,1.03356577604823
"282","Boreal forests","policy D",14,"Mammal",2,2.60374946613643,1.03356577604823
"283","Boreal forests","policy D",15,"Bird",1,2.59837548878668,1.05001718116509
"284","Boreal forests","policy D",15,"Insect",2,2.59837548878668,1.05001718116509
"285","Boreal forests","policy D",15,"Mammal",2,2.59837548878668,1.05001718116509
"286","Boreal forests","policy D",16,"Bird",1,2.59434679971198,1.05270167290955
"287","Boreal forests","policy D",16,"Insect",2,2.59434679971198,1.05270167290955
"288","Boreal forests","policy D",16,"Mammal",2,2.59434679971198,1.05270167290955
"289","Boreal forests","policy D",17,"Bird",1,2.59253945118755,1.02526897551283
"290","Boreal forests","policy D",17,"Insect",2,2.59253945118755,1.02526897551283
"291","Boreal forests","policy D",17,"Mammal",2,2.59253945118755,1.02526897551283
"292","Boreal forests","policy D",18,"Bird",1,2.58932258932885,1.04787844082455
"293","Boreal forests","policy D",18,"Insect",2,2.58932258932885,1.04787844082455
"294","Boreal forests","policy D",18,"Mammal",2,2.58932258932885,1.04787844082455
"295","Boreal forests","policy D",19,"Bird",1,2.56082046680641,1.04618571598286
"296","Boreal forests","policy D",19,"Insect",2,2.56082046680641,1.04618571598286
"297","Boreal forests","policy D",19,"Mammal",2,2.56082046680641,1.04618571598286
"298","Boreal forests","policy D",20,"Bird",1,2.58619919061396,1.05788373527534
"299","Boreal forests","policy D",20,"Insect",2,2.58619919061396,1.05788373527534
"300","Boreal forests","policy D",20,"Mammal",2,2.58619919061396,1.05788373527534
"301","Boreal forests","policy E",1,"Bird",1,2.59167561188407,1.03216227070142
"302","Boreal forests","policy E",1,"Insect",2,2.59167561188407,1.03216227070142
"303","Boreal forests","policy E",1,"Mammal",2,2.59167561188407,1.03216227070142
"304","Boreal forests","policy E",2,"Bird",1,2.6051812786614,1.04582633179335
"305","Boreal forests","policy E",2,"Insect",2,2.6051812786614,1.04582633179335
"306","Boreal forests","policy E",2,"Mammal",2,2.6051812786614,1.04582633179335
"307","Boreal forests","policy E",3,"Bird",1,2.60567921528724,1.04410700137497
"308","Boreal forests","policy E",3,"Insect",2,2.60567921528724,1.04410700137497
"309","Boreal forests","policy E",3,"Mammal",2,2.60567921528724,1.04410700137497
"310","Boreal forests","policy E",4,"Bird",1,2.59570740947005,1.05872180002248
"311","Boreal forests","policy E",4,"Insect",2,2.59570740947005,1.05872180002248
"312","Boreal forests","policy E",4,"Mammal",2,2.59570740947005,1.05872180002248
"313","Boreal forests","policy E",5,"Bird",1,2.57139037513459,1.00351397461539
"314","Boreal forests","policy E",5,"Insect",2,2.57139037513459,1.00351397461539
"315","Boreal forests","policy E",5,"Mammal",2,2.57139037513459,1.00351397461539
"316","Boreal forests","policy E",6,"Bird",1,2.58713680959277,1.04394315130908
"317","Boreal forests","policy E",6,"Insect",2,2.58713680959277,1.04394315130908
"318","Boreal forests","policy E",6,"Mammal",2,2.58713680959277,1.04394315130908
"319","Boreal forests","policy E",7,"Bird",1,2.58814914170303,1.05248301468651
"320","Boreal forests","policy E",7,"Insect",2,2.58814914170303,1.05248301468651
"321","Boreal forests","policy E",7,"Mammal",2,2.58814914170303,1.05248301468651
"322","Boreal forests","policy E",8,"Bird",1,2.58007385974208,1.05714212143391
"323","Boreal forests","policy E",8,"Insect",2,2.58007385974208,1.05714212143391
"324","Boreal forests","policy E",8,"Mammal",2,2.58007385974208,1.05714212143391
"325","Boreal forests","policy E",9,"Bird",1,2.59950630252237,1.05514283281644
"326","Boreal forests","policy E",9,"Insect",2,2.59950630252237,1.05514283281644
"327","Boreal forests","policy E",9,"Mammal",2,2.59950630252237,1.05514283281644
"328","Boreal forests","policy E",10,"Bird",1,2.60677412195573,1.05681861049057
"329","Boreal forests","policy E",10,"Insect",2,2.60677412195573,1.05681861049057
"330","Boreal forests","policy E",10,"Mammal",2,2.60677412195573,1.05681861049057
"331","Boreal forests","policy E",11,"Bird",1,2.59201163760399,1.04888458246533
"332","Boreal forests","policy E",11,"Insect",2,2.59201163760399,1.04888458246533
"333","Boreal forests","policy E",11,"Mammal",2,2.59201163760399,1.04888458246533
"334","Boreal forests","policy E",12,"Bird",1,2.58102114418175,1.04932208730878
"335","Boreal forests","policy E",12,"Insect",2,2.58102114418175,1.04932208730878
"336","Boreal forests","policy E",12,"Mammal",2,2.58102114418175,1.04932208730878
"337","Boreal forests","policy E",13,"Bird",1,2.58226046041907,1.03793350404263
"338","Boreal forests","policy E",13,"Insect",2,2.58226046041907,1.03793350404263
"339","Boreal forests","policy E",13,"Mammal",2,2.58226046041907,1.03793350404263
"340","Boreal forests","policy E",14,"Bird",1,2.58163220481237,1.02728845621978
"341","Boreal forests","policy E",14,"Insect",2,2.58163220481237,1.02728845621978
"342","Boreal forests","policy E",14,"Mammal",2,2.58163220481237,1.02728845621978
"343","Boreal forests","policy E",15,"Bird",1,2.56675757349365,1.04722256639897
"344","Boreal forests","policy E",15,"Insect",2,2.56675757349365,1.04722256639897
"345","Boreal forests","policy E",15,"Mammal",2,2.56675757349365,1.04722256639897
"346","Boreal forests","policy E",16,"Bird",1,2.5906612253686,1.02706224968708
"347","Boreal forests","policy E",16,"Insect",2,2.5906612253686,1.02706224968708
"348","Boreal forests","policy E",16,"Mammal",2,2.5906612253686,1.02706224968708
"349","Boreal forests","policy E",17,"Bird",1,2.58137192863745,1.0254884573247
"350","Boreal forests","policy E",17,"Insect",2,2.58137192863745,1.0254884573247
"351","Boreal forests","policy E",17,"Mammal",2,2.58137192863745,1.0254884573247
"352","Boreal forests","policy E",18,"Bird",1,2.5892563504346,1.04365102035692
"353","Boreal forests","policy E",18,"Insect",2,2.5892563504346,1.04365102035692
"354","Boreal forests","policy E",18,"Mammal",2,2.5892563504346,1.04365102035692
"355","Boreal forests","policy E",19,"Bird",1,2.59369416684557,1.03423754473645
"356","Boreal forests","policy E",19,"Insect",2,2.59369416684557,1.03423754473645
"357","Boreal forests","policy E",19,"Mammal",2,2.59369416684557,1.03423754473645
"358","Boreal forests","policy E",20,"Bird",1,2.58622723635012,1.03735472075711
"359","Boreal forests","policy E",20,"Insect",2,2.58622723635012,1.03735472075711
"360","Boreal forests","policy E",20,"Mammal",2,2.58622723635012,1.03735472075711
"361","Boreal forests","policy F",1,"Bird",1,2.61057799005951,1.0550163765671
"362","Boreal forests","policy F",1,"Insect",2,2.61057799005951,1.0550163765671
"363","Boreal forests","policy F",1,"Mammal",2,2.61057799005951,1.0550163765671
"364","Boreal forests","policy F",2,"Bird",1,2.59895486693687,1.03631694765815
"365","Boreal forests","policy F",2,"Insect",2,2.59895486693687,1.03631694765815
"366","Boreal forests","policy F",2,"Mammal",2,2.59895486693687,1.03631694765815
"367","Boreal forests","policy F",3,"Bird",1,2.60552882967733,1.04890741113212
"368","Boreal forests","policy F",3,"Insect",2,2.60552882967733,1.04890741113212
"369","Boreal forests","policy F",3,"Mammal",2,2.60552882967733,1.04890741113212
"370","Boreal forests","policy F",4,"Bird",1,2.58987270902405,1.05336525137645
"371","Boreal forests","policy F",4,"Insect",2,2.58987270902405,1.05336525137645
"372","Boreal forests","policy F",4,"Mammal",2,2.58987270902405,1.05336525137645
"373","Boreal forests","policy F",5,"Bird",1,2.59687401746733,1.0435575057208
"374","Boreal forests","policy F",5,"Insect",2,2.59687401746733,1.0435575057208
"375","Boreal forests","policy F",5,"Mammal",2,2.59687401746733,1.0435575057208
"376","Boreal forests","policy F",6,"Bird",1,2.59592293120525,1.05091601676733
"377","Boreal forests","policy F",6,"Insect",2,2.59592293120525,1.05091601676733
"378","Boreal forests","policy F",6,"Mammal",2,2.59592293120525,1.05091601676733
"379","Boreal forests","policy F",7,"Bird",1,2.58477554563157,1.02194685014891
"380","Boreal forests","policy F",7,"Insect",2,2.58477554563157,1.02194685014891
"381","Boreal forests","policy F",7,"Mammal",2,2.58477554563157,1.02194685014891
"382","Boreal forests","policy F",8,"Bird",1,2.58592318382761,1.04314880697234
"383","Boreal forests","policy F",8,"Insect",2,2.58592318382761,1.04314880697234
"384","Boreal forests","policy F",8,"Mammal",2,2.58592318382761,1.04314880697234
"385","Boreal forests","policy F",9,"Bird",1,2.58857713556222,1.05116426960621
"386","Boreal forests","policy F",9,"Insect",2,2.58857713556222,1.05116426960621
"387","Boreal forests","policy F",9,"Mammal",2,2.58857713556222,1.05116426960621
"388","Boreal forests","policy F",10,"Bird",1,2.59321580122111,1.04349030491456
"389","Boreal forests","policy F",10,"Insect",2,2.59321580122111,1.04349030491456
"390","Boreal forests","policy F",10,"Mammal",2,2.59321580122111,1.04349030491456
"391","Boreal forests","policy F",11,"Bird",1,2.59150415495067,1.04156260665356
"392","Boreal forests","policy F",11,"Insect",2,2.59150415495067,1.04156260665356
"393","Boreal forests","policy F",11,"Mammal",2,2.59150415495067,1.04156260665356
"394","Boreal forests","policy F",12,"Bird",1,2.5802137254095,1.04873670940629
"395","Boreal forests","policy F",12,"Insect",2,2.5802137254095,1.04873670940629
"396","Boreal forests","policy F",12,"Mammal",2,2.5802137254095,1.04873670940629
"397","Boreal forests","policy F",13,"Bird",1,2.55361054746267,1.03092533448503
"398","Boreal forests","policy F",13,"Insect",2,2.55361054746267,1.03092533448503
"399","Boreal forests","policy F",13,"Mammal",2,2.55361054746267,1.03092533448503
"400","Boreal forests","policy F",14,"Bird",1,2.58915688055443,1.04295411497153
"401","Boreal forests","policy F",14,"Insect",2,2.58915688055443,1.04295411497153
"402","Boreal forests","policy F",14,"Mammal",2,2.58915688055443,1.04295411497153
"403","Boreal forests","policy F",15,"Bird",1,2.58711963350706,1.03816562338221
"404","Boreal forests","policy F",15,"Insect",2,2.58711963350706,1.03816562338221
"405","Boreal forests","policy F",15,"Mammal",2,2.58711963350706,1.03816562338221
"406","Boreal forests","policy F",16,"Bird",1,2.60660332601978,1.05433739834473
"407","Boreal forests","policy F",16,"Insect",2,2.60660332601978,1.05433739834473
"408","Boreal forests","policy F",16,"Mammal",2,2.60660332601978,1.05433739834473
"409","Boreal forests","policy F",17,"Bird",1,2.60244384789034,1.03691800232442
"410","Boreal forests","policy F",17,"Insect",2,2.60244384789034,1.03691800232442
"411","Boreal forests","policy F",17,"Mammal",2,2.60244384789034,1.03691800232442
"412","Boreal forests","policy F",18,"Bird",1,2.58572574618744,1.0533016323621
"413","Boreal forests","policy F",18,"Insect",2,2.58572574618744,1.0533016323621
"414","Boreal forests","policy F",18,"Mammal",2,2.58572574618744,1.0533016323621
"415","Boreal forests","policy F",19,"Bird",1,2.57138792969034,1.04409867840476
"416","Boreal forests","policy F",19,"Insect",2,2.57138792969034,1.04409867840476
"417","Boreal forests","policy F",19,"Mammal",2,2.57138792969034,1.04409867840476
"418","Boreal forests","policy F",20,"Bird",1,2.59970459279562,1.06567553576579
"419","Boreal forests","policy F",20,"Insect",2,2.59970459279562,1.06567553576579
"420","Boreal forests","policy F",20,"Mammal",2,2.59970459279562,1.06567553576579
"421","Tropical forests","BAU",1,"Bird",1,2.59305390351634,1.03592821028025
"422","Tropical forests","BAU",1,"Insect",2,2.59305390351634,1.03592821028025
"423","Tropical forests","BAU",1,"Mammal",2,2.59305390351634,1.03592821028025
"424","Tropical forests","BAU",2,"Bird",1,2.6217630756389,1.0372189404911
"425","Tropical forests","BAU",2,"Insect",2,2.6217630756389,1.0372189404911
"426","Tropical forests","BAU",2,"Mammal",2,2.6217630756389,1.0372189404911
"427","Tropical forests","BAU",3,"Bird",1,2.60154022108421,1.05509585691979
"428","Tropical forests","BAU",3,"Insect",2,2.60154022108421,1.05509585691979
"429","Tropical forests","BAU",3,"Mammal",2,2.60154022108421,1.05509585691979
"430","Tropical forests","BAU",4,"Bird",1,2.59989813653748,1.01470180952136
"431","Tropical forests","BAU",4,"Insect",2,2.59989813653748,1.01470180952136
"432","Tropical forests","BAU",4,"Mammal",2,2.59989813653748,1.01470180952136
"433","Tropical forests","BAU",5,"Bird",1,2.58416145991737,1.04358807043973
"434","Tropical forests","BAU",5,"Insect",2,2.58416145991737,1.04358807043973
"435","Tropical forests","BAU",5,"Mammal",2,2.58416145991737,1.04358807043973
"436","Tropical forests","BAU",6,"Bird",1,2.61018912621765,1.04333178372231
"437","Tropical forests","BAU",6,"Insect",2,2.61018912621765,1.04333178372231
"438","Tropical forests","BAU",6,"Mammal",2,2.61018912621765,1.04333178372231
"439","Tropical forests","BAU",7,"Bird",1,2.60605147275063,1.03973568981774
"440","Tropical forests","BAU",7,"Insect",2,2.60605147275063,1.03973568981774
"441","Tropical forests","BAU",7,"Mammal",2,2.60605147275063,1.03973568981774
"442","Tropical forests","BAU",8,"Bird",1,2.5978632695252,1.05220816652453
"443","Tropical forests","BAU",8,"Insect",2,2.5978632695252,1.05220816652453
"444","Tropical forests","BAU",8,"Mammal",2,2.5978632695252,1.05220816652453
"445","Tropical forests","BAU",9,"Bird",1,2.57817514511076,1.05414451560257
"446","Tropical forests","BAU",9,"Insect",2,2.57817514511076,1.05414451560257
"447","Tropical forests","BAU",9,"Mammal",2,2.57817514511076,1.05414451560257
"448","Tropical forests","BAU",10,"Bird",1,2.5895986600884,1.01901422086006
"449","Tropical forests","BAU",10,"Insect",2,2.5895986600884,1.01901422086006
"450","Tropical forests","BAU",10,"Mammal",2,2.5895986600884,1.01901422086006
"451","Tropical forests","BAU",11,"Bird",1,2.59328748790113,1.03094537649269
"452","Tropical forests","BAU",11,"Insect",2,2.59328748790113,1.03094537649269
"453","Tropical forests","BAU",11,"Mammal",2,2.59328748790113,1.03094537649269
"454","Tropical forests","BAU",12,"Bird",1,2.57276494273532,1.02487746794986
"455","Tropical forests","BAU",12,"Insect",2,2.57276494273532,1.02487746794986
"456","Tropical forests","BAU",12,"Mammal",2,2.57276494273532,1.02487746794986
"457","Tropical forests","BAU",13,"Bird",1,2.58805723164541,1.03401155340987
"458","Tropical forests","BAU",13,"Insect",2,2.58805723164541,1.03401155340987
"459","Tropical forests","BAU",13,"Mammal",2,2.58805723164541,1.03401155340987
"460","Tropical forests","BAU",14,"Bird",1,2.59349474644308,1.03402360155177
"461","Tropical forests","BAU",14,"Insect",2,2.59349474644308,1.03402360155177
"462","Tropical forests","BAU",14,"Mammal",2,2.59349474644308,1.03402360155177
"463","Tropical forests","BAU",15,"Bird",1,2.58105224058291,1.05279144496003
"464","Tropical forests","BAU",15,"Insect",2,2.58105224058291,1.05279144496003
"465","Tropical forests","BAU",15,"Mammal",2,2.58105224058291,1.05279144496003
"466","Tropical forests","BAU",16,"Bird",1,2.58273721914824,1.06513719522265
"467","Tropical forests","BAU",16,"Insect",2,2.58273721914824,1.06513719522265
"468","Tropical forests","BAU",16,"Mammal",2,2.58273721914824,1.06513719522265
"469","Tropical forests","BAU",17,"Bird",1,2.5622651013765,1.03909240811323
"470","Tropical forests","BAU",17,"Insect",2,2.5622651013765,1.03909240811323
"471","Tropical forests","BAU",17,"Mammal",2,2.5622651013765,1.03909240811323
"472","Tropical forests","BAU",18,"Bird",1,2.60449419445354,1.03913604729151
"473","Tropical forests","BAU",18,"Insect",2,2.60449419445354,1.03913604729151
"474","Tropical forests","BAU",18,"Mammal",2,2.60449419445354,1.03913604729151
"475","Tropical forests","BAU",19,"Bird",1,2.58935421352006,1.02453037162247
"476","Tropical forests","BAU",19,"Insect",2,2.58935421352006,1.02453037162247
"477","Tropical forests","BAU",19,"Mammal",2,2.58935421352006,1.02453037162247
"478","Tropical forests","BAU",20,"Bird",1,2.59303820858616,1.02560612910346
"479","Tropical forests","BAU",20,"Insect",2,2.59303820858616,1.02560612910346
"480","Tropical forests","BAU",20,"Mammal",2,2.59303820858616,1.02560612910346
"481","Tropical forests","policy A",1,"Bird",1,2.59001849651597,1.03296679806386
"482","Tropical forests","policy A",1,"Insect",2,2.59001849651597,1.03296679806386
"483","Tropical forests","policy A",1,"Mammal",2,2.59001849651597,1.03296679806386
"484","Tropical forests","policy A",2,"Bird",1,2.59156433705243,1.03837229548712
"485","Tropical forests","policy A",2,"Insect",2,2.59156433705243,1.03837229548712
"486","Tropical forests","policy A",2,"Mammal",2,2.59156433705243,1.03837229548712
"487","Tropical forests","policy A",3,"Bird",1,2.56083648179357,1.0286878091266
"488","Tropical forests","policy A",3,"Insect",2,2.56083648179357,1.0286878091266
"489","Tropical forests","policy A",3,"Mammal",2,2.56083648179357,1.0286878091266
"490","Tropical forests","policy A",4,"Bird",1,2.61268902699174,1.05838402367949
"491","Tropical forests","policy A",4,"Insect",2,2.61268902699174,1.05838402367949
"492","Tropical forests","policy A",4,"Mammal",2,2.61268902699174,1.05838402367949
"493","Tropical forests","policy A",5,"Bird",1,2.58791796638581,1.04810158448807
"494","Tropical forests","policy A",5,"Insect",2,2.58791796638581,1.04810158448807
"495","Tropical forests","policy A",5,"Mammal",2,2.58791796638581,1.04810158448807
"496","Tropical forests","policy A",6,"Bird",1,2.57601493684117,1.02772874779377
"497","Tropical forests","policy A",6,"Insect",2,2.57601493684117,1.02772874779377
"498","Tropical forests","policy A",6,"Mammal",2,2.57601493684117,1.02772874779377
"499","Tropical forests","policy A",7,"Bird",1,2.59938972126084,1.04609751908591
"500","Tropical forests","policy A",7,"Insect",2,2.59938972126084,1.04609751908591
"501","Tropical forests","policy A",7,"Mammal",2,2.59938972126084,1.04609751908591
"502","Tropical forests","policy A",8,"Bird",1,2.57405257081127,1.06189977985917
"503","Tropical forests","policy A",8,"Insect",2,2.57405257081127,1.06189977985917
"504","Tropical forests","policy A",8,"Mammal",2,2.57405257081127,1.06189977985917
"505","Tropical forests","policy A",9,"Bird",1,2.60096537116713,1.02790821578131
"506","Tropical forests","policy A",9,"Insect",2,2.60096537116713,1.02790821578131
"507","Tropical forests","policy A",9,"Mammal",2,2.60096537116713,1.02790821578131
"508","Tropical forests","policy A",10,"Bird",1,2.60261871281652,1.02788667044261
"509","Tropical forests","policy A",10,"Insect",2,2.60261871281652,1.02788667044261
"510","Tropical forests","policy A",10,"Mammal",2,2.60261871281652,1.02788667044261
"511","Tropical forests","policy A",11,"Bird",1,2.58302388344221,1.03150910454226
"512","Tropical forests","policy A",11,"Insect",2,2.58302388344221,1.03150910454226
"513","Tropical forests","policy A",11,"Mammal",2,2.58302388344221,1.03150910454226
"514","Tropical forests","policy A",12,"Bird",1,2.58100966777739,1.03475283982261
"515","Tropical forests","policy A",12,"Insect",2,2.58100966777739,1.03475283982261
"516","Tropical forests","policy A",12,"Mammal",2,2.58100966777739,1.03475283982261
"517","Tropical forests","policy A",13,"Bird",1,2.60272836539101,1.04235008555455
"518","Tropical forests","policy A",13,"Insect",2,2.60272836539101,1.04235008555455
"519","Tropical forests","policy A",13,"Mammal",2,2.60272836539101,1.04235008555455
"520","Tropical forests","policy A",14,"Bird",1,2.58546717660557,1.02620090384848
"521","Tropical forests","policy A",14,"Insect",2,2.58546717660557,1.02620090384848
"522","Tropical forests","policy A",14,"Mammal",2,2.58546717660557,1.02620090384848
"523","Tropical forests","policy A",15,"Bird",1,2.58689542196726,1.04562084960042
"524","Tropical forests","policy A",15,"Insect",2,2.58689542196726,1.04562084960042
"525","Tropical forests","policy A",15,"Mammal",2,2.58689542196726,1.04562084960042
"526","Tropical forests","policy A",16,"Bird",1,2.58523256221247,1.02617854091673
"527","Tropical forests","policy A",16,"Insect",2,2.58523256221247,1.02617854091673
"528","Tropical forests","policy A",16,"Mammal",2,2.58523256221247,1.02617854091673
"529","Tropical forests","policy A",17,"Bird",1,2.60552988709438,1.05681923067417
"530","Tropical forests","policy A",17,"Insect",2,2.60552988709438,1.05681923067417
"531","Tropical forests","policy A",17,"Mammal",2,2.60552988709438,1.05681923067417
"532","Tropical forests","policy A",18,"Bird",1,2.60158022567738,1.03690095608374
"533","Tropical forests","policy A",18,"Insect",2,2.60158022567738,1.03690095608374
"534","Tropical forests","policy A",18,"Mammal",2,2.60158022567738,1.03690095608374
"535","Tropical forests","policy A",19,"Bird",1,2.57649024588939,1.04590308429366
"536","Tropical forests","policy A",19,"Insect",2,2.57649024588939,1.04590308429366
"537","Tropical forests","policy A",19,"Mammal",2,2.57649024588939,1.04590308429366
"538","Tropical forests","policy A",20,"Bird",1,2.57419021765525,1.04655360194011
"539","Tropical forests","policy A",20,"Insect",2,2.57419021765525,1.04655360194011
"540","Tropical forests","policy A",20,"Mammal",2,2.57419021765525,1.04655360194011
"541","Tropical forests","policy B",1,"Bird",1,2.59307761299614,1.03894437970066
"542","Tropical forests","policy B",1,"Insect",2,2.59307761299614,1.03894437970066
"543","Tropical forests","policy B",1,"Mammal",2,2.59307761299614,1.03894437970066
"544","Tropical forests","policy B",2,"Bird",1,2.59489479923604,1.01104619622139
"545","Tropical forests","policy B",2,"Insect",2,2.59489479923604,1.01104619622139
"546","Tropical forests","policy B",2,"Mammal",2,2.59489479923604,1.01104619622139
"547","Tropical forests","policy B",3,"Bird",1,2.61263291705349,1.05195403645511
"548","Tropical forests","policy B",3,"Insect",2,2.61263291705349,1.05195403645511
"549","Tropical forests","policy B",3,"Mammal",2,2.61263291705349,1.05195403645511
"550","Tropical forests","policy B",4,"Bird",1,2.56955103850657,1.03303023861252
"551","Tropical forests","policy B",4,"Insect",2,2.56955103850657,1.03303023861252
"552","Tropical forests","policy B",4,"Mammal",2,2.56955103850657,1.03303023861252
"553","Tropical forests","policy B",5,"Bird",1,2.58198143787011,1.01956990681833
"554","Tropical forests","policy B",5,"Insect",2,2.58198143787011,1.01956990681833
"555","Tropical forests","policy B",5,"Mammal",2,2.58198143787011,1.01956990681833
"556","Tropical forests","policy B",6,"Bird",1,2.59560822620237,1.05111766531511
"557","Tropical forests","policy B",6,"Insect",2,2.59560822620237,1.05111766531511
"558","Tropical forests","policy B",6,"Mammal",2,2.59560822620237,1.05111766531511
"559","Tropical forests","policy B",7,"Bird",1,2.5857188744226,1.0246151090206
"560","Tropical forests","policy B",7,"Insect",2,2.5857188744226,1.0246151090206
"561","Tropical forests","policy B",7,"Mammal",2,2.5857188744226,1.0246151090206
"562","Tropical forests","policy B",8,"Bird",1,2.58808387309948,1.03979508321414
"563","Tropical forests","policy B",8,"Insect",2,2.58808387309948,1.03979508321414
"564","Tropical forests","policy B",8,"Mammal",2,2.58808387309948,1.03979508321414
"565","Tropical forests","policy B",9,"Bird",1,2.6233108270735,1.06177084471553
"566","Tropical forests","policy B",9,"Insect",2,2.6233108270735,1.06177084471553
"567","Tropical forests","policy B",9,"Mammal",2,2.6233108270735,1.06177084471553
"568","Tropical forests","policy B",10,"Bird",1,2.59347684332368,1.03199557987985
"569","Tropical forests","policy B",10,"Insect",2,2.59347684332368,1.03199557987985
"570","Tropical forests","policy B",10,"Mammal",2,2.59347684332368,1.03199557987985
"571","Tropical forests","policy B",11,"Bird",1,2.58800730190816,1.01685896213025
"572","Tropical forests","policy B",11,"Insect",2,2.58800730190816,1.01685896213025
"573","Tropical forests","policy B",11,"Mammal",2,2.58800730190816,1.01685896213025
"574","Tropical forests","policy B",12,"Bird",1,2.58177678630218,1.01805439398987
"575","Tropical forests","policy B",12,"Insect",2,2.58177678630218,1.01805439398987
"576","Tropical forests","policy B",12,"Mammal",2,2.58177678630218,1.01805439398987
"577","Tropical forests","policy B",13,"Bird",1,2.57344687478427,1.05460945287286
"578","Tropical forests","policy B",13,"Insect",2,2.57344687478427,1.05460945287286
"579","Tropical forests","policy B",13,"Mammal",2,2.57344687478427,1.05460945287286
"580","Tropical forests","policy B",14,"Bird",1,2.58641136460774,1.05159196031873
"581","Tropical forests","policy B",14,"Insect",2,2.58641136460774,1.05159196031873
"582","Tropical forests","policy B",14,"Mammal",2,2.58641136460774,1.05159196031873
"583","Tropical forests","policy B",15,"Bird",1,2.59659798275713,1.02749368481436
"584","Tropical forests","policy B",15,"Insect",2,2.59659798275713,1.02749368481436
"585","Tropical forests","policy B",15,"Mammal",2,2.59659798275713,1.02749368481436
"586","Tropical forests","policy B",16,"Bird",1,2.61531571812577,1.04520500752164
"587","Tropical forests","policy B",16,"Insect",2,2.61531571812577,1.04520500752164
"588","Tropical forests","policy B",16,"Mammal",2,2.61531571812577,1.04520500752164
"589","Tropical forests","policy B",17,"Bird",1,2.59734994613569,1.04347319719869
"590","Tropical forests","policy B",17,"Insect",2,2.59734994613569,1.04347319719869
"591","Tropical forests","policy B",17,"Mammal",2,2.59734994613569,1.04347319719869
"592","Tropical forests","policy B",18,"Bird",1,2.6046913056458,1.01892082995539
"593","Tropical forests","policy B",18,"Insect",2,2.6046913056458,1.01892082995539
"594","Tropical forests","policy B",18,"Mammal",2,2.6046913056458,1.01892082995539
"595","Tropical forests","policy B",19,"Bird",1,2.58318070204903,1.0255214872352
"596","Tropical forests","policy B",19,"Insect",2,2.58318070204903,1.0255214872352
"597","Tropical forests","policy B",19,"Mammal",2,2.58318070204903,1.0255214872352
"598","Tropical forests","policy B",20,"Bird",1,2.5955790389505,1.03690603616658
"599","Tropical forests","policy B",20,"Insect",2,2.5955790389505,1.03690603616658
"600","Tropical forests","policy B",20,"Mammal",2,2.5955790389505,1.03690603616658
"601","Tropical forests","policy C",1,"Bird",1,2.60178692231318,1.04545358114776
"602","Tropical forests","policy C",1,"Insect",2,2.60178692231318,1.04545358114776
"603","Tropical forests","policy C",1,"Mammal",2,2.60178692231318,1.04545358114776
"604","Tropical forests","policy C",2,"Bird",1,2.61139633404105,1.04569867407746
"605","Tropical forests","policy C",2,"Insect",2,2.61139633404105,1.04569867407746
"606","Tropical forests","policy C",2,"Mammal",2,2.61139633404105,1.04569867407746
"607","Tropical forests","policy C",3,"Bird",1,2.57245525528101,1.02219698562248
"608","Tropical forests","policy C",3,"Insect",2,2.57245525528101,1.02219698562248
"609","Tropical forests","policy C",3,"Mammal",2,2.57245525528101,1.02219698562248
"610","Tropical forests","policy C",4,"Bird",1,2.58777099308174,1.03367633701814
"611","Tropical forests","policy C",4,"Insect",2,2.58777099308174,1.03367633701814
"612","Tropical forests","policy C",4,"Mammal",2,2.58777099308174,1.03367633701814
"613","Tropical forests","policy C",5,"Bird",1,2.58035575530123,1.0340344267119
"614","Tropical forests","policy C",5,"Insect",2,2.58035575530123,1.0340344267119
"615","Tropical forests","policy C",5,"Mammal",2,2.58035575530123,1.0340344267119
"616","Tropical forests","policy C",6,"Bird",1,2.56720349568725,1.02049435228282
"617","Tropical forests","policy C",6,"Insect",2,2.56720349568725,1.02049435228282
"618","Tropical forests","policy C",6,"Mammal",2,2.56720349568725,1.02049435228282
"619","Tropical forests","policy C",7,"Bird",1,2.58728486348982,1.04037852382716
"620","Tropical forests","policy C",7,"Insect",2,2.58728486348982,1.04037852382716
"621","Tropical forests","policy C",7,"Mammal",2,2.58728486348982,1.04037852382716
"622","Tropical forests","policy C",8,"Bird",1,2.60199328105845,1.02405407078423
"623","Tropical forests","policy C",8,"Insect",2,2.60199328105845,1.02405407078423
"624","Tropical forests","policy C",8,"Mammal",2,2.60199328105845,1.02405407078423
"625","Tropical forests","policy C",9,"Bird",1,2.59594565913737,1.03160553250358
"626","Tropical forests","policy C",9,"Insect",2,2.59594565913737,1.03160553250358
"627","Tropical forests","policy C",9,"Mammal",2,2.59594565913737,1.03160553250358
"628","Tropical forests","policy C",10,"Bird",1,2.58109887497973,1.04774174053534
"629","Tropical forests","policy C",10,"Insect",2,2.58109887497973,1.04774174053534
"630","Tropical forests","policy C",10,"Mammal",2,2.58109887497973,1.04774174053534
"631","Tropical forests","policy C",11,"Bird",1,2.60313554995624,1.01158743020104
"632","Tropical forests","policy C",11,"Insect",2,2.60313554995624,1.01158743020104
"633","Tropical forests","policy C",11,"Mammal",2,2.60313554995624,1.01158743020104
"634","Tropical forests","policy C",12,"Bird",1,2.58971504298058,1.02441035259927
"635","Tropical forests","policy C",12,"Insect",2,2.58971504298058,1.02441035259927
"636","Tropical forests","policy C",12,"Mammal",2,2.58971504298058,1.02441035259927
"637","Tropical forests","policy C",13,"Bird",1,2.59290134715736,1.04877220848721
"638","Tropical forests","policy C",13,"Insect",2,2.59290134715736,1.04877220848721
"639","Tropical forests","policy C",13,"Mammal",2,2.59290134715736,1.04877220848721
"640","Tropical forests","policy C",14,"Bird",1,2.58943179818311,1.05287638591716
"641","Tropical forests","policy C",14,"Insect",2,2.58943179818311,1.05287638591716
"642","Tropical forests","policy C",14,"Mammal",2,2.58943179818311,1.05287638591716
"643","Tropical forests","policy C",15,"Bird",1,2.58918937262776,1.04011734988692
"644","Tropical forests","policy C",15,"Insect",2,2.58918937262776,1.04011734988692
"645","Tropical forests","policy C",15,"Mammal",2,2.58918937262776,1.04011734988692
"646","Tropical forests","policy C",16,"Bird",1,2.60659726933434,1.03811224843718
"647","Tropical forests","policy C",16,"Insect",2,2.60659726933434,1.03811224843718
"648","Tropical forests","policy C",16,"Mammal",2,2.60659726933434,1.03811224843718
"649","Tropical forests","policy C",17,"Bird",1,2.60657190394176,1.06335680420516
"650","Tropical forests","policy C",17,"Insect",2,2.60657190394176,1.06335680420516
"651","Tropical forests","policy C",17,"Mammal",2,2.60657190394176,1.06335680420516
"652","Tropical forests","policy C",18,"Bird",1,2.59295472715829,1.05524832034734
"653","Tropical forests","policy C",18,"Insect",2,2.59295472715829,1.05524832034734
"654","Tropical forests","policy C",18,"Mammal",2,2.59295472715829,1.05524832034734
"655","Tropical forests","policy C",19,"Bird",1,2.59182165533609,1.04341005689062
"656","Tropical forests","policy C",19,"Insect",2,2.59182165533609,1.04341005689062
"657","Tropical forests","policy C",19,"Mammal",2,2.59182165533609,1.04341005689062
"658","Tropical forests","policy C",20,"Bird",1,2.60310230715237,1.0414934764531
"659","Tropical forests","policy C",20,"Insect",2,2.60310230715237,1.0414934764531
"660","Tropical forests","policy C",20,"Mammal",2,2.60310230715237,1.0414934764531
"661","Tropical forests","policy D",1,"Bird",1,2.6094078475677,1.03009740636567
"662","Tropical forests","policy D",1,"Insect",2,2.6094078475677,1.03009740636567
"663","Tropical forests","policy D",1,"Mammal",2,2.6094078475677,1.03009740636567
"664","Tropical forests","policy D",2,"Bird",1,2.58928704828556,1.02055173545275
"665","Tropical forests","policy D",2,"Insect",2,2.58928704828556,1.02055173545275
"666","Tropical forests","policy D",2,"Mammal",2,2.58928704828556,1.02055173545275
"667","Tropical forests","policy D",3,"Bird",1,2.59642727420654,1.03929607708948
"668","Tropical forests","policy D",3,"Insect",2,2.59642727420654,1.03929607708948
"669","Tropical forests","policy D",3,"Mammal",2,2.59642727420654,1.03929607708948
"670","Tropical forests","policy D",4,"Bird",1,2.57855919475935,1.04051142805546
"671","Tropical forests","policy D",4,"Insect",2,2.57855919475935,1.04051142805546
"672","Tropical forests","policy D",4,"Mammal",2,2.57855919475935,1.04051142805546
"673","Tropical forests","policy D",5,"Bird",1,2.60129720283458,1.0512775236065
"674","Tropical forests","policy D",5,"Insect",2,2.60129720283458,1.0512775236065
"675","Tropical forests","policy D",5,"Mammal",2,2.60129720283458,1.0512775236065
"676","Tropical forests","policy D",6,"Bird",1,2.59600228985513,1.05588218851987
"677","Tropical forests","policy D",6,"Insect",2,2.59600228985513,1.05588218851987
"678","Tropical forests","policy D",6,"Mammal",2,2.59600228985513,1.05588218851987
"679","Tropical forests","policy D",7,"Bird",1,2.58667902262666,1.03411498556737
"680","Tropical forests","policy D",7,"Insect",2,2.58667902262666,1.03411498556737
"681","Tropical forests","policy D",7,"Mammal",2,2.58667902262666,1.03411498556737
"682","Tropical forests","policy D",8,"Bird",1,2.57033406696185,1.04578272587336
"683","Tropical forests","policy D",8,"Insect",2,2.57033406696185,1.04578272587336
"684","Tropical forests","policy D",8,"Mammal",2,2.57033406696185,1.04578272587336
"685","Tropical forests","policy D",9,"Bird",1,2.56846808113097,1.05170180712156
"686","Tropical forests","policy D",9,"Insect",2,2.56846808113097,1.05170180712156
"687","Tropical forests","policy D",9,"Mammal",2,2.56846808113097,1.05170180712156
"688","Tropical forests","policy D",10,"Bird",1,2.60108106361813,1.05082190147703
"689","Tropical forests","policy D",10,"Insect",2,2.60108106361813,1.05082190147703
"690","Tropical forests","policy D",10,"Mammal",2,2.60108106361813,1.05082190147703
"691","Tropical forests","policy D",11,"Bird",1,2.58596641030537,1.04811242047261
"692","Tropical forests","policy D",11,"Insect",2,2.58596641030537,1.04811242047261
"693","Tropical forests","policy D",11,"Mammal",2,2.58596641030537,1.04811242047261
"694","Tropical forests","policy D",12,"Bird",1,2.58299708230314,1.00941701996169
"695","Tropical forests","policy D",12,"Insect",2,2.58299708230314,1.00941701996169
"696","Tropical forests","policy D",12,"Mammal",2,2.58299708230314,1.00941701996169
"697","Tropical forests","policy D",13,"Bird",1,2.58766384756817,1.05796216409071
"698","Tropical forests","policy D",13,"Insect",2,2.58766384756817,1.05796216409071
"699","Tropical forests","policy D",13,"Mammal",2,2.58766384756817,1.05796216409071
"700","Tropical forests","policy D",14,"Bird",1,2.59903003247923,1.0310388807873
"701","Tropical forests","policy D",14,"Insect",2,2.59903003247923,1.0310388807873
"702","Tropical forests","policy D",14,"Mammal",2,2.59903003247923,1.0310388807873
"703","Tropical forests","policy D",15,"Bird",1,2.5847773617406,1.04636189981259
"704","Tropical forests","policy D",15,"Insect",2,2.5847773617406,1.04636189981259
"705","Tropical forests","policy D",15,"Mammal",2,2.5847773617406,1.04636189981259
"706","Tropical forests","policy D",16,"Bird",1,2.59177606796957,1.04701001572471
"707","Tropical forests","policy D",16,"Insect",2,2.59177606796957,1.04701001572471
"708","Tropical forests","policy D",16,"Mammal",2,2.59177606796957,1.04701001572471
"709","Tropical forests","policy D",17,"Bird",1,2.58793515489902,1.03228733476723
"710","Tropical forests","policy D",17,"Insect",2,2.58793515489902,1.03228733476723
"711","Tropical forests","policy D",17,"Mammal",2,2.58793515489902,1.03228733476723
"712","Tropical forests","policy D",18,"Bird",1,2.58380531490275,1.03092836125776
"713","Tropical forests","policy D",18,"Insect",2,2.58380531490275,1.03092836125776
"714","Tropical forests","policy D",18,"Mammal",2,2.58380531490275,1.03092836125776
"715","Tropical forests","policy D",19,"Bird",1,2.59956502345428,1.05384306588377
"716","Tropical forests","policy D",19,"Insect",2,2.59956502345428,1.05384306588377
"717","Tropical forests","policy D",19,"Mammal",2,2.59956502345428,1.05384306588377
"718","Tropical forests","policy D",20,"Bird",1,2.57338020234875,1.01887154411543
"719","Tropical forests","policy D",20,"Insect",2,2.57338020234875,1.01887154411543
"720","Tropical forests","policy D",20,"Mammal",2,2.57338020234875,1.01887154411543
"721","Tropical forests","policy E",1,"Bird",1,2.5887189395076,1.03304124281561
"722","Tropical forests","policy E",1,"Insect",2,2.5887189395076,1.03304124281561
"723","Tropical forests","policy E",1,"Mammal",2,2.5887189395076,1.03304124281561
"724","Tropical forests","policy E",2,"Bird",1,2.60694161255021,1.02123271170506
"725","Tropical forests","policy E",2,"Insect",2,2.60694161255021,1.02123271170506
"726","Tropical forests","policy E",2,"Mammal",2,2.60694161255021,1.02123271170506
"727","Tropical forests","policy E",3,"Bird",1,2.564528743029,1.02523169907863
"728","Tropical forests","policy E",3,"Insect",2,2.564528743029,1.02523169907863
"729","Tropical forests","policy E",3,"Mammal",2,2.564528743029,1.02523169907863
"730","Tropical forests","policy E",4,"Bird",1,2.59407796887475,1.0320213578688
"731","Tropical forests","policy E",4,"Insect",2,2.59407796887475,1.0320213578688
"732","Tropical forests","policy E",4,"Mammal",2,2.59407796887475,1.0320213578688
"733","Tropical forests","policy E",5,"Bird",1,2.58089235874619,1.0432491019598
"734","Tropical forests","policy E",5,"Insect",2,2.58089235874619,1.0432491019598
"735","Tropical forests","policy E",5,"Mammal",2,2.58089235874619,1.0432491019598
"736","Tropical forests","policy E",6,"Bird",1,2.58900869466928,1.02365060393808
"737","Tropical forests","policy E",6,"Insect",2,2.58900869466928,1.02365060393808
"738","Tropical forests","policy E",6,"Mammal",2,2.58900869466928,1.02365060393808
"739","Tropical forests","policy E",7,"Bird",1,2.57392591997008,1.03437477449593
"740","Tropical forests","policy E",7,"Insect",2,2.57392591997008,1.03437477449593
"741","Tropical forests","policy E",7,"Mammal",2,2.57392591997008,1.03437477449593
"742","Tropical forests","policy E",8,"Bird",1,2.60260424069769,1.0481943075892
"743","Tropical forests","policy E",8,"Insect",2,2.60260424069769,1.0481943075892
"744","Tropical forests","policy E",8,"Mammal",2,2.60260424069769,1.0481943075892
"745","Tropical forests","policy E",9,"Bird",1,2.58967222899754,1.01311107676566
"746","Tropical forests","policy E",9,"Insect",2,2.58967222899754,1.01311107676566
"747","Tropical forests","policy E",9,"Mammal",2,2.58967222899754,1.01311107676566
"748","Tropical forests","policy E",10,"Bird",1,2.61501407720584,1.04072258012825
"749","Tropical forests","policy E",10,"Insect",2,2.61501407720584,1.04072258012825
"750","Tropical forests","policy E",10,"Mammal",2,2.61501407720584,1.04072258012825
"751","Tropical forests","policy E",11,"Bird",1,2.60740606844855,1.05407463224625
"752","Tropical forests","policy E",11,"Insect",2,2.60740606844855,1.05407463224625
"753","Tropical forests","policy E",11,"Mammal",2,2.60740606844855,1.05407463224625
"754","Tropical forests","policy E",12,"Bird",1,2.60610871106927,1.03187429138036
"755","Tropical forests","policy E",12,"Insect",2,2.60610871106927,1.03187429138036
"756","Tropical forests","policy E",12,"Mammal",2,2.60610871106927,1.03187429138036
"757","Tropical forests","policy E",13,"Bird",1,2.59789863990778,1.01442779195122
"758","Tropical forests","policy E",13,"Insect",2,2.59789863990778,1.01442779195122
"759","Tropical forests","policy E",13,"Mammal",2,2.59789863990778,1.01442779195122
"760","Tropical forests","policy E",14,"Bird",1,2.59308656354901,1.03762858684361
"761","Tropical forests","policy E",14,"Insect",2,2.59308656354901,1.03762858684361
"762","Tropical forests","policy E",14,"Mammal",2,2.59308656354901,1.03762858684361
"763","Tropical forests","policy E",15,"Bird",1,2.59310460205969,1.05171896178748
"764","Tropical forests","policy E",15,"Insect",2,2.59310460205969,1.05171896178748
"765","Tropical forests","policy E",15,"Mammal",2,2.59310460205969,1.05171896178748
"766","Tropical forests","policy E",16,"Bird",1,2.60814645344097,1.0467709527961
"767","Tropical forests","policy E",16,"Insect",2,2.60814645344097,1.0467709527961
"768","Tropical forests","policy E",16,"Mammal",2,2.60814645344097,1.0467709527961
"769","Tropical forests","policy E",17,"Bird",1,2.58649017273972,1.04756647409493
"770","Tropical forests","policy E",17,"Insect",2,2.58649017273972,1.04756647409493
"771","Tropical forests","policy E",17,"Mammal",2,2.58649017273972,1.04756647409493
"772","Tropical forests","policy E",18,"Bird",1,2.60140934522536,1.01024842620868
"773","Tropical forests","policy E",18,"Insect",2,2.60140934522536,1.01024842620868
"774","Tropical forests","policy E",18,"Mammal",2,2.60140934522536,1.01024842620868
"775","Tropical forests","policy E",19,"Bird",1,2.61695346363418,1.05705975368274
"776","Tropical forests","policy E",19,"Insect",2,2.61695346363418,1.05705975368274
"777","Tropical forests","policy E",19,"Mammal",2,2.61695346363418,1.05705975368274
"778","Tropical forests","policy E",20,"Bird",1,2.59660788862175,1.05303247728116
"779","Tropical forests","policy E",20,"Insect",2,2.59660788862175,1.05303247728116
"780","Tropical forests","policy E",20,"Mammal",2,2.59660788862175,1.05303247728116
"781","Tropical forests","policy F",1,"Bird",1,2.58222462700641,1.0282453302349
"782","Tropical forests","policy F",1,"Insect",2,2.58222462700641,1.0282453302349
"783","Tropical forests","policy F",1,"Mammal",2,2.58222462700641,1.0282453302349
"784","Tropical forests","policy F",2,"Bird",1,2.58642414892869,1.02742425033237
"785","Tropical forests","policy F",2,"Insect",2,2.58642414892869,1.02742425033237
"786","Tropical forests","policy F",2,"Mammal",2,2.58642414892869,1.02742425033237
"787","Tropical forests","policy F",3,"Bird",1,2.60477099171095,1.04607763591785
"788","Tropical forests","policy F",3,"Insect",2,2.60477099171095,1.04607763591785
"789","Tropical forests","policy F",3,"Mammal",2,2.60477099171095,1.04607763591785
"790","Tropical forests","policy F",4,"Bird",1,2.58509497745626,1.02990130250026
"791","Tropical forests","policy F",4,"Insect",2,2.58509497745626,1.02990130250026
"792","Tropical forests","policy F",4,"Mammal",2,2.58509497745626,1.02990130250026
"793","Tropical forests","policy F",5,"Bird",1,2.60983039330914,1.04719797614278
"794","Tropical forests","policy F",5,"Insect",2,2.60983039330914,1.04719797614278
"795","Tropical forests","policy F",5,"Mammal",2,2.60983039330914,1.04719797614278
"796","Tropical forests","policy F",6,"Bird",1,2.58802055477043,1.0503323364754
"797","Tropical forests","policy F",6,"Insect",2,2.58802055477043,1.0503323364754
"798","Tropical forests","policy F",6,"Mammal",2,2.58802055477043,1.0503323364754
"799","Tropical forests","policy F",7,"Bird",1,2.56143285274825,1.0314907216645
"800","Tropical forests","policy F",7,"Insect",2,2.56143285274825,1.0314907216645
"801","Tropical forests","policy F",7,"Mammal",2,2.56143285274825,1.0314907216645
"802","Tropical forests","policy F",8,"Bird",1,2.58486389893592,1.02048929143716
"803","Tropical forests","policy F",8,"Insect",2,2.58486389893592,1.02048929143716
"804","Tropical forests","policy F",8,"Mammal",2,2.58486389893592,1.02048929143716
"805","Tropical forests","policy F",9,"Bird",1,2.59736207384716,1.03962708855915
"806","Tropical forests","policy F",9,"Insect",2,2.59736207384716,1.03962708855915
"807","Tropical forests","policy F",9,"Mammal",2,2.59736207384716,1.03962708855915
"808","Tropical forests","policy F",10,"Bird",1,2.57754909402322,1.02633964852234
"809","Tropical forests","policy F",10,"Insect",2,2.57754909402322,1.02633964852234
"810","Tropical forests","policy F",10,"Mammal",2,2.57754909402322,1.02633964852234
"811","Tropical forests","policy F",11,"Bird",1,2.58867595479875,1.0334258074742
"812","Tropical forests","policy F",11,"Insect",2,2.58867595479875,1.0334258074742
"813","Tropical forests","policy F",11,"Mammal",2,2.58867595479875,1.0334258074742
"814","Tropical forests","policy F",12,"Bird",1,2.58262062442198,1.03567952875204
"815","Tropical forests","policy F",12,"Insect",2,2.58262062442198,1.03567952875204
"816","Tropical forests","policy F",12,"Mammal",2,2.58262062442198,1.03567952875204
"817","Tropical forests","policy F",13,"Bird",1,2.57899579837514,1.02330009466468
"818","Tropical forests","policy F",13,"Insect",2,2.57899579837514,1.02330009466468
"819","Tropical forests","policy F",13,"Mammal",2,2.57899579837514,1.02330009466468
"820","Tropical forests","policy F",14,"Bird",1,2.59923786343886,1.01761781526745
"821","Tropical forests","policy F",14,"Insect",2,2.59923786343886,1.01761781526745
"822","Tropical forests","policy F",14,"Mammal",2,2.59923786343886,1.01761781526745
"823","Tropical forests","policy F",15,"Bird",1,2.59372695988516,1.04775605545237
"824","Tropical forests","policy F",15,"Insect",2,2.59372695988516,1.04775605545237
"825","Tropical forests","policy F",15,"Mammal",2,2.59372695988516,1.04775605545237
"826","Tropical forests","policy F",16,"Bird",1,2.59937265564228,1.01973208508357
"827","Tropical forests","policy F",16,"Insect",2,2.59937265564228,1.01973208508357
"828","Tropical forests","policy F",16,"Mammal",2,2.59937265564228,1.01973208508357
"829","Tropical forests","policy F",17,"Bird",1,2.5981278437309,1.043822630739
"830","Tropical forests","policy F",17,"Insect",2,2.5981278437309,1.043822630739
"831","Tropical forests","policy F",17,"Mammal",2,2.5981278437309,1.043822630739
"832","Tropical forests","policy F",18,"Bird",1,2.58692119177394,1.04010111967949
"833","Tropical forests","policy F",18,"Insect",2,2.58692119177394,1.04010111967949
"834","Tropical forests","policy F",18,"Mammal",2,2.58692119177394,1.04010111967949
"835","Tropical forests","policy F",19,"Bird",1,2.60959051266421,1.01771299592726
"836","Tropical forests","policy F",19,"Insect",2,2.60959051266421,1.01771299592726
"837","Tropical forests","policy F",19,"Mammal",2,2.60959051266421,1.01771299592726
"838","Tropical forests","policy F",20,"Bird",1,2.59840815532305,1.02558871518441
"839","Tropical forests","policy F",20,"Insect",2,2.59840815532305,1.02558871518441
"840","Tropical forests","policy F",20,"Mammal",2,2.59840815532305,1.02558871518441
